date,spx,vix
1990-01-02,359.6900,17.2400
1990-01-03,358.7600,18.1900
1990-01-04,355.6700,19.2200
1990-01-05,352.2000,20.1100
1990-01-08,353.7900,20.2600
1990-01-09,349.6200,22.2000
1990-01-10,347.3100,22.4400
1990-01-11,348.5300,20.0500
1990-01-12,339.9300,24.6400
1990-01-15,337.0000,26.3400
1990-01-16,340.7500,24.1800
1990-01-17,337.4000,24.1600
1990-01-18,338.1900,24.3400
1990-01-19,339.1500,22.5000
1990-01-22,330.3800,26.7000
1990-01-23,331.6100,24.7200
1990-01-24,330.2600,25.3900
1990-01-25,326.0800,25.6300
1990-01-26,325.8000,26.2800
1990-01-29,325.2000,26.4400
1990-01-30,322.9800,27.2500
1990-01-31,329.0800,25.3600
1990-02-01,328.7900,24.8700
1990-02-02,330.9200,24.3200
1990-02-05,331.8500,24.5400
1990-02-06,329.6600,24.6900
1990-02-07,333.7500,24.2900
1990-02-08,332.9600,23.7700
1990-02-09,333.6200,23.6900
1990-02-12,330.0800,24.3800
1990-02-13,331.0200,23.7600
1990-02-14,332.0100,22.0500
1990-02-15,334.8900,19.7100
1990-02-16,332.7200,20.7800
1990-02-20,327.9900,22.7800
1990-02-21,327.6700,23.8900
1990-02-22,325.7000,22.5400
1990-02-23,324.1500,23.6900
1990-02-26,328.6700,23.5600
1990-02-27,330.2600,22.6900
1990-02-28,331.8900,21.9900
1990-03-01,332.7400,21.9000
1990-03-02,335.5400,21.3400
1990-03-05,333.7400,22.0300
1990-03-06,337.9300,20.5500
1990-03-07,336.9500,19.1000
1990-03-08,340.2700,19.7400
1990-03-09,337.9300,20.3000
1990-03-12,338.6700,20.0700
1990-03-13,336.0000,21.0500
1990-03-14,336.8700,19.6500
1990-03-15,338.0700,18.8100
1990-03-16,341.9100,17.6200
1990-03-19,343.5300,18.2900
1990-03-20,341.5700,19.0600
1990-03-21,339.7400,20.1000
1990-03-22,335.6900,22.7400
1990-03-23,337.2200,20.4600
1990-03-26,337.6300,19.5900
1990-03-27,341.5000,21.0100
1990-03-28,342.0000,19.7700
1990-03-29,340.7900,18.4600
1990-03-30,339.9400,19.7300
1990-04-02,338.7000,22.8400
1990-04-03,343.6400,20.4400
1990-04-04,341.0900,22.0300
1990-04-05,340.7300,21.2100
1990-04-06,340.0800,21.7600
1990-04-09,341.3700,22.3000
1990-04-10,342.0700,21.6900
1990-04-11,341.9200,17.7300
1990-04-12,344.3400,19.8000
1990-04-16,344.7400,20.7500
1990-04-17,344.6800,20.3800
1990-04-18,340.7200,22.6700
1990-04-19,338.0900,22.4600
1990-04-20,335.1200,23.3300
1990-04-23,331.0500,24.1600
1990-04-24,330.3600,21.7000
1990-04-25,332.0300,20.8600
1990-04-26,332.9200,20.2500
1990-04-27,329.1100,22.1900
1990-04-30,330.8000,19.5200
1990-05-01,332.2500,18.4300
1990-05-02,334.4800,19.3200
1990-05-03,335.5700,17.8100
1990-05-04,338.3900,17.2800
1990-05-07,340.5300,17.6500
1990-05-08,342.0100,18.4900
1990-05-09,342.8600,18.6400
1990-05-10,343.8200,18.5900
1990-05-11,352.0000,19.8100
1990-05-14,354.7500,20.1400
1990-05-15,354.2800,19.4900
1990-05-16,354.0000,17.7100
1990-05-17,354.4700,17.2700
1990-05-18,354.6400,17.2000
1990-05-21,358.0000,16.7200
1990-05-22,358.4300,17.8400
1990-05-23,359.2900,17.1800
1990-05-24,358.4100,17.7000
1990-05-25,354.5800,17.3200
1990-05-29,360.6500,18.7500
1990-05-30,360.8600,17.4400
1990-05-31,361.2300,17.3700
1990-06-01,363.1600,17.0900
1990-06-04,367.4000,18.3900
1990-06-05,366.6400,18.9700
1990-06-06,364.9600,17.4200
1990-06-07,363.1500,16.8800
1990-06-08,358.7100,17.5800
1990-06-11,361.6300,16.3400
1990-06-12,366.2500,16.6000
1990-06-13,364.9000,17.3800
1990-06-14,362.9000,17.4000
1990-06-15,362.9100,15.9000
1990-06-18,356.8800,17.7100
1990-06-19,358.4700,15.2300
1990-06-20,359.1000,15.2700
1990-06-21,360.4700,14.7200
1990-06-22,355.4300,19.3600
1990-06-25,352.3100,17.0600
1990-06-26,352.0600,16.2900
1990-06-27,355.1400,16.0000
1990-06-28,357.6300,16.1800
1990-06-29,358.0200,15.5000
1990-07-02,359.5400,16.2600
1990-07-03,360.1600,16.1100
1990-07-05,355.6800,17.2500
1990-07-06,358.4200,16.4100
1990-07-09,359.5200,16.6600
1990-07-10,356.4900,16.9200
1990-07-11,361.2300,16.6800
1990-07-12,365.4400,17.0600
1990-07-13,367.3100,17.0900
1990-07-16,368.9500,16.7500
1990-07-17,367.5200,16.6600
1990-07-18,364.2200,18.9000
1990-07-19,365.3200,18.5600
1990-07-20,361.6100,15.6300
1990-07-23,355.3100,23.6800
1990-07-24,355.7900,21.7900
1990-07-25,357.0900,20.1900
1990-07-26,355.9100,20.2600
1990-07-27,353.4400,21.1200
1990-07-30,355.5500,21.1600
1990-07-31,356.1500,21.1100
1990-08-01,355.5200,21.6400
1990-08-02,351.4800,20.4300
1990-08-03,344.8600,28.7400
1990-08-06,334.4300,35.9100
1990-08-07,334.8300,32.7500
1990-08-08,338.3500,28.2700
1990-08-09,339.9400,24.3900
1990-08-10,335.5200,25.7500
1990-08-13,338.8400,25.7400
1990-08-14,339.3900,24.1800
1990-08-15,340.0600,23.3100
1990-08-16,332.3900,27.1600
1990-08-17,327.8300,27.5300
1990-08-20,328.5100,26.4600
1990-08-21,321.8600,28.9000
1990-08-22,316.5500,30.5500
1990-08-23,307.0600,36.4700
1990-08-24,311.5100,33.9300
1990-08-27,321.4400,29.6300
1990-08-28,321.3400,29.1200
1990-08-29,324.1900,27.3800
1990-08-30,318.7100,29.8900
1990-08-31,322.5600,29.9000
1990-09-04,323.0900,29.5800
1990-09-05,324.3900,28.5200
1990-09-06,320.4600,30.1900
1990-09-07,323.4000,28.7300
1990-09-10,321.6300,29.3400
1990-09-11,321.0400,28.3800
1990-09-12,322.5400,28.1200
1990-09-13,318.6500,29.3300
1990-09-14,316.8300,30.5600
1990-09-17,317.7700,29.5500
1990-09-18,318.6000,28.8200
1990-09-19,316.6000,27.8800
1990-09-20,311.4800,28.6600
1990-09-21,311.3200,30.0400
1990-09-24,304.5900,30.5600
1990-09-25,308.2600,28.8100
1990-09-26,305.0600,28.1900
1990-09-27,300.9700,28.6700
1990-09-28,306.0500,29.1100
1990-10-01,314.9400,28.0600
1990-10-02,315.2100,27.2800
1990-10-03,311.4000,27.9000
1990-10-04,312.6900,27.5100
1990-10-05,311.5000,27.8500
1990-10-08,313.4800,28.0400
1990-10-09,305.1000,30.7100
1990-10-10,300.3900,31.1900
1990-10-11,295.4600,33.9800
1990-10-12,300.0300,31.9400
1990-10-15,303.2300,31.6400
1990-10-16,298.9200,31.4500
1990-10-17,298.7600,31.3700
1990-10-18,305.7400,29.6000
1990-10-19,312.4800,27.8600
1990-10-22,314.7600,27.2700
1990-10-23,312.3600,27.5700
1990-10-24,312.6000,28.2800
1990-10-25,310.1700,29.0400
1990-10-26,304.7100,30.7500
1990-10-29,301.8800,31.5400
1990-10-30,304.0600,30.5200
1990-10-31,304.0000,30.0400
1990-11-01,307.0200,30.2500
1990-11-02,311.8500,30.0300
1990-11-05,314.5900,29.8500
1990-11-06,311.6200,29.1100
1990-11-07,306.0100,30.8700
1990-11-08,307.6100,30.7900
1990-11-09,313.7400,26.9600
1990-11-12,319.4800,25.6000
1990-11-13,317.6700,24.5800
1990-11-14,320.4000,22.8900
1990-11-15,317.0200,22.5700
1990-11-16,317.1200,21.3400
1990-11-19,319.3400,20.9500
1990-11-20,315.3100,20.0900
1990-11-21,316.0300,21.0900
1990-11-23,315.1000,20.9800
1990-11-26,316.5100,22.7600
1990-11-27,318.1000,22.8600
1990-11-28,317.9500,22.9600
1990-11-29,316.4200,23.9100
1990-11-30,322.2200,22.1600
1990-12-03,324.1000,22.2900
1990-12-04,326.3500,22.0300
1990-12-05,329.9200,20.9400
1990-12-06,329.0700,22.6200
1990-12-07,327.7500,22.5900
1990-12-10,328.8900,23.5800
1990-12-11,326.4400,23.7500
1990-12-12,330.1900,21.2800
1990-12-13,329.3400,23.0500
1990-12-14,326.8200,23.8500
1990-12-17,326.0200,24.8500
1990-12-18,330.0500,23.1100
1990-12-19,330.2000,23.0800
1990-12-20,330.1200,23.1300
1990-12-21,331.7500,22.6600
1990-12-24,329.9000,24.0300
1990-12-26,330.8500,24.1800
1990-12-27,328.2900,24.8100
1990-12-28,328.7200,25.0500
1990-12-31,330.2200,26.3800
1991-01-02,326.4500,26.6200
1991-01-03,321.9100,27.9300
1991-01-04,321.0000,27.1900
1991-01-07,315.4400,28.9500
1991-01-08,314.9000,30.3800
1991-01-09,311.4900,33.3000
1991-01-10,314.5300,31.3300
1991-01-11,315.2300,32.6300
1991-01-14,312.4900,36.2000
1991-01-15,313.7300,36.1600
1991-01-16,316.1700,33.2000
1991-01-17,327.9700,27.4500
1991-01-18,332.2300,25.3900
1991-01-21,331.0600,24.3300
1991-01-22,328.3100,24.9000
1991-01-23,330.2100,23.9200
1991-01-24,334.7800,22.8600
1991-01-25,336.0700,22.2000
1991-01-28,336.0300,23.0500
1991-01-29,335.8400,23.1700
1991-01-30,340.9100,21.3700
1991-01-31,343.9300,20.9100
1991-02-01,343.0500,21.0400
1991-02-04,348.3400,21.8600
1991-02-05,351.2600,21.4600
1991-02-06,358.0700,22.6800
1991-02-07,356.5200,23.6000
1991-02-08,359.3500,23.3800
1991-02-11,368.5800,22.5600
1991-02-12,365.5000,22.2600
1991-02-13,369.0200,20.8600
1991-02-14,364.2200,21.4800
1991-02-15,369.0600,19.5700
1991-02-19,369.3900,19.8400
1991-02-20,365.1400,22.2600
1991-02-21,364.9700,20.7800
1991-02-22,365.6500,21.0100
1991-02-25,367.2600,22.8600
1991-02-26,362.8100,20.3800
1991-02-27,367.7400,21.2600
1991-02-28,367.0700,21.2300
1991-03-01,370.4700,21.2300
1991-03-04,369.3300,20.8600
1991-03-05,376.7200,20.4500
1991-03-06,376.1700,20.5500
1991-03-07,375.9100,21.0500
1991-03-08,374.9500,20.8100
1991-03-11,372.9600,20.8800
1991-03-12,370.0300,18.8200
1991-03-13,374.5700,16.0900
1991-03-14,373.5000,14.9400
1991-03-15,373.5900,14.9000
1991-03-18,372.1100,15.7900
1991-03-19,366.5900,16.1100
1991-03-20,367.9200,16.0400
1991-03-21,366.5800,16.8600
1991-03-22,367.4800,16.4900
1991-03-25,369.8300,16.7600
1991-03-26,376.3000,16.3100
1991-03-27,375.3500,16.5500
1991-03-28,375.2200,16.8800
1991-04-01,371.3000,17.4200
1991-04-02,379.5000,17.4000
1991-04-03,378.9400,17.6100
1991-04-04,379.7700,18.0100
1991-04-05,375.3600,17.6300
1991-04-08,378.6600,17.4100
1991-04-09,373.5600,20.1200
1991-04-10,373.1500,19.7300
1991-04-11,377.6300,17.2400
1991-04-12,380.4000,18.4500
1991-04-15,381.1900,16.5000
1991-04-16,387.6200,15.8200
1991-04-17,390.4500,15.4700
1991-04-18,388.4600,16.2600
1991-04-19,384.2000,15.6800
1991-04-22,380.9500,16.7800
1991-04-23,381.7600,17.0200
1991-04-24,382.7600,16.7200
1991-04-25,379.2500,17.1500
1991-04-26,379.0200,17.2700
1991-04-29,373.6600,18.2700
1991-04-30,375.3400,18.2400
1991-05-01,380.2900,17.7700
1991-05-02,380.5200,17.5200
1991-05-03,380.8000,17.2400
1991-05-06,380.0800,17.9200
1991-05-07,377.3200,17.4600
1991-05-08,378.5100,17.7800
1991-05-09,383.2500,17.1700
1991-05-10,375.7400,17.5400
1991-05-13,376.7600,17.6600
1991-05-14,371.6200,18.0000
1991-05-15,368.5700,18.3800
1991-05-16,372.1900,17.2400
1991-05-17,372.3900,16.6400
1991-05-20,372.2800,17.1000
1991-05-21,375.3500,16.0700
1991-05-22,376.1900,16.1600
1991-05-23,374.9600,16.1100
1991-05-24,377.4900,15.2300
1991-05-28,381.9400,15.6700
1991-05-29,382.7900,15.9000
1991-05-30,386.9600,16.0200
1991-05-31,389.8300,15.9300
1991-06-03,388.0600,16.8700
1991-06-04,387.7400,16.1700
1991-06-05,385.0900,16.4000
1991-06-06,383.6300,16.9300
1991-06-07,379.4300,16.9800
1991-06-10,378.5700,17.4700
1991-06-11,381.0500,17.3200
1991-06-12,376.6500,17.7200
1991-06-13,377.6300,16.9900
1991-06-14,382.2900,15.9800
1991-06-17,380.1300,15.5000
1991-06-18,378.5900,16.1400
1991-06-19,375.0900,17.4400
1991-06-20,375.4200,16.7500
1991-06-21,377.7500,16.5100
1991-06-24,370.9400,18.2800
1991-06-25,370.6500,17.8500
1991-06-26,371.5900,17.9800
1991-06-27,374.4000,17.8700
1991-06-28,371.1600,19.5500
1991-07-01,377.9200,18.6400
1991-07-02,377.4700,17.6300
1991-07-03,373.3300,19.4700
1991-07-05,374.0800,18.3500
1991-07-08,377.9400,20.2900
1991-07-09,376.1100,19.7600
1991-07-10,375.7400,19.1900
1991-07-11,376.9700,17.3900
1991-07-12,380.2500,18.2900
1991-07-15,382.3900,17.7800
1991-07-16,381.5400,17.4900
1991-07-17,381.1800,17.5200
1991-07-18,385.3700,15.7700
1991-07-19,384.2200,15.5000
1991-07-22,382.8800,16.9000
1991-07-23,379.4200,16.5800
1991-07-24,378.6400,16.4100
1991-07-25,380.9600,15.7400
1991-07-26,380.9300,15.4500
1991-07-29,383.1500,15.6700
1991-07-30,386.6900,15.4700
1991-07-31,387.8100,15.1800
1991-08-01,387.1200,15.4700
1991-08-02,387.1800,15.2600
1991-08-05,385.0600,15.9200
1991-08-06,390.6200,15.5400
1991-08-07,390.5600,15.5600
1991-08-08,389.3200,15.9800
1991-08-09,387.1200,15.4500
1991-08-12,388.0200,15.2600
1991-08-13,389.6200,14.7300
1991-08-14,389.9000,15.0900
1991-08-15,389.3300,15.1900
1991-08-16,385.5800,16.0100
1991-08-19,376.4700,21.1900
1991-08-20,379.4300,18.8600
1991-08-21,390.5900,15.6200
1991-08-22,391.3300,14.5900
1991-08-23,394.1700,14.4100
1991-08-26,393.8500,14.8100
1991-08-27,393.0600,15.4600
1991-08-28,396.6400,15.3100
1991-08-29,396.4700,14.8200
1991-08-30,395.4300,14.4600
1991-09-03,392.1500,16.5700
1991-09-04,389.9700,17.1800
1991-09-05,389.1400,17.3100
1991-09-06,389.1000,16.7600
1991-09-09,388.5700,17.7300
1991-09-10,384.5600,18.2200
1991-09-11,385.0900,17.9600
1991-09-12,387.3400,16.2100
1991-09-13,383.5900,17.8800
1991-09-16,385.7800,17.8200
1991-09-17,385.5000,17.6800
1991-09-18,386.9400,17.5600
1991-09-19,387.5600,17.5600
1991-09-20,387.9200,17.0800
1991-09-23,385.9200,16.3800
1991-09-24,387.7100,16.0400
1991-09-25,386.8800,15.6800
1991-09-26,386.4900,15.3500
1991-09-27,385.9000,16.3100
1991-09-30,387.8600,15.8500
1991-10-01,389.2000,14.8100
1991-10-02,388.2600,15.8100
1991-10-03,384.4700,17.0400
1991-10-04,381.2500,15.6300
1991-10-07,379.5000,18.5800
1991-10-08,380.6700,17.8100
1991-10-09,376.8000,18.5400
1991-10-10,380.5500,17.8000
1991-10-11,381.4500,17.6000
1991-10-14,386.4700,16.7100
1991-10-15,391.0100,16.2200
1991-10-16,392.8000,14.8500
1991-10-17,391.9200,16.3200
1991-10-18,392.5000,15.8700
1991-10-21,390.0200,16.6600
1991-10-22,387.8300,16.5500
1991-10-23,387.9400,16.2600
1991-10-24,385.0700,15.6200
1991-10-25,384.2000,15.7500
1991-10-28,389.5200,15.4500
1991-10-29,391.4800,15.5500
1991-10-30,392.9600,15.4600
1991-10-31,392.4500,15.4800
1991-11-01,391.3200,15.6000
1991-11-04,390.2800,16.3500
1991-11-05,388.7100,16.4800
1991-11-06,389.9700,16.4700
1991-11-07,393.7200,15.9700
1991-11-08,392.8900,15.4300
1991-11-11,393.1200,14.8900
1991-11-12,396.7400,14.0400
1991-11-13,397.4100,13.9500
1991-11-14,397.1500,13.9600
1991-11-15,382.6200,21.1800
1991-11-18,385.2400,18.2800
1991-11-19,379.4200,20.3400
1991-11-20,378.5300,20.4000
1991-11-21,380.0600,19.1100
1991-11-22,376.1400,21.2000
1991-11-25,375.3400,21.9200
1991-11-26,377.9600,19.8000
1991-11-27,376.5500,19.8400
1991-11-29,375.2200,20.2600
1991-12-02,381.4000,20.1800
1991-12-03,380.9600,19.7000
1991-12-04,380.0700,19.5400
1991-12-05,377.3900,20.1900
1991-12-06,379.1000,19.0400
1991-12-09,378.2600,19.7400
1991-12-10,377.9000,19.8900
1991-12-11,377.7000,20.5700
1991-12-12,381.5500,19.0800
1991-12-13,384.4700,17.8800
1991-12-16,384.4600,17.6200
1991-12-17,382.7400,18.1200
1991-12-18,383.4800,17.7800
1991-12-19,382.5200,17.9600
1991-12-20,387.0400,17.6500
1991-12-23,396.8200,16.6100
1991-12-24,399.3300,15.6700
1991-12-26,404.8400,15.4400
1991-12-27,406.4600,15.7000
1991-12-30,415.1400,17.6300
1991-12-31,417.0900,19.3100
1992-01-02,417.2600,18.9500
1992-01-03,419.3400,18.7500
1992-01-06,417.9600,18.9600
1992-01-07,417.4000,19.2300
1992-01-08,418.1000,18.7200
1992-01-09,417.6100,18.9600
1992-01-10,415.1000,18.4500
1992-01-13,414.3400,18.0100
1992-01-14,420.4400,17.0100
1992-01-15,420.7700,17.3900
1992-01-16,418.2100,17.6400
1992-01-17,418.8600,16.3200
1992-01-20,416.3600,16.4200
1992-01-21,412.6400,17.9200
1992-01-22,418.1300,16.7500
1992-01-23,414.9600,16.4600
1992-01-24,415.4800,16.2400
1992-01-27,414.9900,16.6700
1992-01-28,414.9600,17.6700
1992-01-29,410.3400,17.6200
1992-01-30,411.6200,17.4900
1992-01-31,408.7800,17.4000
1992-02-03,409.5300,18.2000
1992-02-04,413.8500,17.9600
1992-02-05,413.8400,18.2200
1992-02-06,413.8200,18.7900
1992-02-07,411.0900,18.5100
1992-02-10,413.7700,18.5600
1992-02-11,413.7600,17.7000
1992-02-12,417.1300,17.3700
1992-02-13,413.6900,17.4500
1992-02-14,412.4800,17.0300
1992-02-18,407.3800,18.2200
1992-02-19,408.2600,17.1600
1992-02-20,413.9000,16.7200
1992-02-21,411.4300,16.8700
1992-02-24,412.2700,17.1300
1992-02-25,410.4500,16.3500
1992-02-26,415.3500,16.6400
1992-02-27,413.8600,16.5100
1992-02-28,412.7000,16.6800
1992-03-02,412.4500,16.8800
1992-03-03,412.8500,17.2600
1992-03-04,409.3300,17.8900
1992-03-05,406.5100,18.4700
1992-03-06,404.4400,19.7500
1992-03-09,405.2100,19.6800
1992-03-10,406.8900,18.6800
1992-03-11,404.0300,19.7900
1992-03-12,403.8900,19.7200
1992-03-13,405.8400,18.3500
1992-03-16,406.3900,18.4600
1992-03-17,409.5800,16.7900
1992-03-18,409.1500,16.6900
1992-03-19,409.8000,16.5200
1992-03-20,411.3000,16.8200
1992-03-23,409.9100,16.7300
1992-03-24,408.8800,16.3200
1992-03-25,407.5200,16.1900
1992-03-26,407.8600,16.2900
1992-03-27,403.5000,16.0200
1992-03-30,403.0000,15.9700
1992-03-31,403.6900,16.1800
1992-04-01,404.2300,16.4800
1992-04-02,400.5000,17.0600
1992-04-03,401.5500,16.7200
1992-04-06,405.5900,16.7200
1992-04-07,398.0600,18.8100
1992-04-08,394.5000,20.1500
1992-04-09,400.6400,17.8900
1992-04-10,404.2900,16.8500
1992-04-13,406.0800,16.9900
1992-04-14,412.3900,15.9800
1992-04-15,416.2800,15.1500
1992-04-16,416.0400,14.8500
1992-04-20,410.1800,15.9300
1992-04-21,410.2600,16.5300
1992-04-22,409.8100,15.9600
1992-04-23,411.6000,15.8300
1992-04-24,409.0200,15.7100
1992-04-27,408.4500,16.4900
1992-04-28,409.1100,16.2400
1992-04-29,412.0200,15.9500
1992-04-30,414.9500,15.5300
1992-05-01,412.5300,16.6100
1992-05-04,416.9100,16.9200
1992-05-05,416.8400,16.6600
1992-05-06,416.7900,16.8100
1992-05-07,415.8500,16.5400
1992-05-08,416.0500,15.6500
1992-05-11,418.4900,15.1700
1992-05-12,416.2900,15.6800
1992-05-13,416.4500,15.1900
1992-05-14,413.1400,15.4900
1992-05-15,410.0900,14.8200
1992-05-18,412.8100,14.6200
1992-05-19,416.3700,13.5700
1992-05-20,415.3900,13.6200
1992-05-21,412.6000,13.9200
1992-05-22,414.0200,13.7300
1992-05-26,411.4100,14.9200
1992-05-27,412.1700,13.9900
1992-05-28,416.7400,13.7700
1992-05-29,415.3500,13.8600
1992-06-01,417.3000,14.4300
1992-06-02,413.5000,14.5700
1992-06-03,414.5900,14.3500
1992-06-04,413.2600,13.6600
1992-06-05,413.4800,14.6500
1992-06-08,413.3600,15.1900
1992-06-09,410.0600,15.9700
1992-06-10,407.2500,16.6200
1992-06-11,409.0500,16.2900
1992-06-12,409.7600,14.9500
1992-06-15,410.2900,14.7600
1992-06-16,408.3200,15.2200
1992-06-17,402.2600,18.0800
1992-06-18,400.9600,18.2000
1992-06-19,403.6700,16.3100
1992-06-22,403.4000,16.6600
1992-06-23,404.0400,14.5300
1992-06-24,403.8400,14.4000
1992-06-25,403.1200,14.4000
1992-06-26,403.4500,14.6700
1992-06-29,408.9400,13.2100
1992-06-30,408.1400,13.3500
1992-07-01,412.8800,13.3400
1992-07-02,411.7700,13.8800
1992-07-06,413.8400,14.8700
1992-07-07,409.1600,15.8300
1992-07-08,410.2800,15.5300
1992-07-09,414.2300,14.6000
1992-07-10,414.6200,13.7000
1992-07-13,414.8700,14.0100
1992-07-14,417.6800,13.5000
1992-07-15,417.1000,12.5200
1992-07-16,417.5400,12.2700
1992-07-17,415.6200,12.6000
1992-07-20,413.7500,12.6600
1992-07-21,413.7600,12.6000
1992-07-22,410.9300,13.5700
1992-07-23,412.0800,13.3300
1992-07-24,411.6000,13.3700
1992-07-27,411.5400,13.9000
1992-07-28,417.5200,13.0500
1992-07-29,422.2300,13.4400
1992-07-30,423.9200,13.5000
1992-07-31,424.2100,13.1700
1992-08-03,425.0900,13.8300
1992-08-04,424.3600,13.5800
1992-08-05,422.1900,13.8200
1992-08-06,420.5900,14.2300
1992-08-07,418.8800,13.9400
1992-08-10,419.4200,14.5100
1992-08-11,418.9000,15.0900
1992-08-12,417.7800,14.8800
1992-08-13,417.7300,15.3400
1992-08-14,419.9100,14.6600
1992-08-17,420.7400,14.6100
1992-08-18,421.3400,13.8400
1992-08-19,418.1900,14.3500
1992-08-20,418.2600,14.4800
1992-08-21,414.8500,15.0100
1992-08-24,410.7200,16.1900
1992-08-25,411.6100,15.6200
1992-08-26,413.5100,14.5000
1992-08-27,413.5300,13.6600
1992-08-28,414.8400,13.1400
1992-08-31,414.0300,13.5800
1992-09-01,416.0700,13.4000
1992-09-02,417.9800,12.7300
1992-09-03,417.9800,12.8800
1992-09-04,417.0800,12.9800
1992-09-08,414.4400,13.6500
1992-09-09,416.3600,13.3600
1992-09-10,419.9500,12.9200
1992-09-11,419.5800,12.4700
1992-09-14,425.2700,13.0000
1992-09-15,419.7700,13.6300
1992-09-16,419.9200,14.7200
1992-09-17,419.9300,14.3100
1992-09-18,422.9300,13.7400
1992-09-21,422.1400,13.4500
1992-09-22,417.1400,13.8800
1992-09-23,417.4400,13.8300
1992-09-24,418.4700,13.4400
1992-09-25,414.3500,14.8000
1992-09-28,416.6200,15.1900
1992-09-29,416.8000,14.9700
1992-09-30,417.8000,14.2800
1992-10-01,416.2900,16.3100
1992-10-02,410.4700,17.7900
1992-10-05,407.5700,20.0100
1992-10-06,407.1800,19.9500
1992-10-07,404.2500,21.0200
1992-10-08,407.7500,19.2600
1992-10-09,402.6600,20.5100
1992-10-12,407.4400,19.4900
1992-10-13,409.3000,17.9000
1992-10-14,409.3700,18.4200
1992-10-15,409.6000,17.1100
1992-10-16,411.7300,17.0100
1992-10-19,414.9800,17.3100
1992-10-20,415.4800,16.8700
1992-10-21,415.6700,16.6200
1992-10-22,414.9000,15.8400
1992-10-23,414.1000,16.4600
1992-10-26,418.1600,16.3200
1992-10-27,418.4900,16.2400
1992-10-28,420.1300,15.9500
1992-10-29,420.8600,15.4700
1992-10-30,418.6800,16.1500
1992-11-02,422.7500,16.6700
1992-11-03,419.9200,17.3300
1992-11-04,417.1100,16.2800
1992-11-05,418.3400,15.3800
1992-11-06,417.5800,14.6900
1992-11-09,418.5900,14.2300
1992-11-10,418.6200,14.3700
1992-11-11,422.2000,13.9900
1992-11-12,422.8700,14.3700
1992-11-13,422.4300,14.6100
1992-11-16,420.6800,14.8600
1992-11-17,419.2700,15.0100
1992-11-18,422.8500,14.5500
1992-11-19,423.6100,14.3300
1992-11-20,426.6500,13.6700
1992-11-23,425.1200,13.4000
1992-11-24,427.5900,12.6600
1992-11-25,429.1900,12.5000
1992-11-27,430.1600,12.5800
1992-11-30,431.3500,13.0100
1992-12-01,430.7800,12.8000
1992-12-02,429.8900,12.5600
1992-12-03,429.9100,12.0300
1992-12-04,432.0600,11.8100
1992-12-07,435.3100,12.0000
1992-12-08,436.9900,11.7300
1992-12-09,435.6500,12.5800
1992-12-10,434.6400,12.7500
1992-12-11,433.7300,12.3400
1992-12-14,432.8400,12.6600
1992-12-15,432.5700,12.4100
1992-12-16,431.5200,12.5800
1992-12-17,435.4300,12.1400
1992-12-18,441.2800,11.6600
1992-12-21,440.7000,11.6500
1992-12-22,440.3100,11.7500
1992-12-23,439.0300,11.5100
1992-12-24,439.7700,11.5700
1992-12-28,439.1500,12.2200
1992-12-29,437.9800,12.2900
1992-12-30,438.8200,12.6000
1992-12-31,435.7100,12.5700
1993-01-04,435.3800,13.3600
1993-01-05,434.3400,13.3500
1993-01-06,434.5200,13.3700
1993-01-07,430.7300,14.7200
1993-01-08,429.0500,13.7700
1993-01-11,430.9500,12.8600
1993-01-12,431.0400,12.7800
1993-01-13,433.0300,12.4200
1993-01-14,435.9400,11.9900
1993-01-15,437.1500,11.5700
1993-01-18,436.8400,11.4900
1993-01-19,435.1300,12.0600
1993-01-20,433.3700,12.1500
1993-01-21,435.4900,11.6900
1993-01-22,436.1100,11.3000
1993-01-25,440.0100,11.3800
1993-01-26,439.9500,11.4500
1993-01-27,438.1100,12.0100
1993-01-28,438.6600,12.0400
1993-01-29,438.7800,12.4200
1993-02-01,442.5200,12.3300
1993-02-02,442.5500,12.2500
1993-02-03,447.2000,12.1200
1993-02-04,449.5600,12.2900
1993-02-05,448.9300,12.9000
1993-02-08,447.8500,13.2200
1993-02-09,445.3300,13.4800
1993-02-10,446.2300,13.4300
1993-02-11,447.6600,12.6900
1993-02-12,444.5800,12.3800
1993-02-16,433.9100,15.7600
1993-02-17,433.3000,15.9000
1993-02-18,431.9000,15.5600
1993-02-19,434.2200,15.0200
1993-02-22,435.2400,14.7000
1993-02-23,434.8000,15.0400
1993-02-24,440.8700,14.7200
1993-02-25,442.3400,13.7600
1993-02-26,443.3800,13.1600
1993-03-01,442.0100,13.6000
1993-03-02,447.9000,12.4900
1993-03-03,449.2600,13.1300
1993-03-04,447.3400,13.4400
1993-03-05,446.1100,14.0800
1993-03-08,454.7100,16.2200
1993-03-09,454.4000,14.1700
1993-03-10,456.3300,13.9100
1993-03-11,453.7200,14.2600
1993-03-12,449.8300,15.6600
1993-03-15,451.4300,14.7400
1993-03-16,451.3700,14.5100
1993-03-17,448.3100,14.5300
1993-03-18,451.8900,14.1700
1993-03-19,450.1800,13.2300
1993-03-22,448.8800,13.6600
1993-03-23,448.7600,13.0200
1993-03-24,448.0700,12.4400
1993-03-25,450.8800,12.0800
1993-03-26,447.7800,12.2100
1993-03-29,450.7700,12.6300
1993-03-30,451.9700,12.2300
1993-03-31,451.6700,12.5300
1993-04-01,450.3000,13.0200
1993-04-02,441.3900,14.5000
1993-04-05,442.2900,14.1200
1993-04-06,441.1600,14.2400
1993-04-07,442.7300,13.6400
1993-04-08,441.8400,12.8300
1993-04-12,448.3700,11.9300
1993-04-13,449.2200,11.7000
1993-04-14,448.6600,11.7600
1993-04-15,448.4000,10.9600
1993-04-16,448.9400,11.2900
1993-04-19,447.4600,12.0600
1993-04-20,445.1000,11.9400
1993-04-21,443.6300,12.1100
1993-04-22,439.4600,12.6800
1993-04-23,437.0300,13.3600
1993-04-26,433.5400,15.2500
1993-04-27,438.0100,13.9300
1993-04-28,438.0200,13.1200
1993-04-29,438.8900,12.8000
1993-04-30,440.1900,12.4200
1993-05-03,442.4600,12.9000
1993-05-04,444.0500,12.1400
1993-05-05,444.5200,12.3800
1993-05-06,443.2600,13.2200
1993-05-07,442.3100,13.0100
1993-05-10,442.8000,13.7200
1993-05-11,444.3600,13.3500
1993-05-12,444.8000,13.5600
1993-05-13,439.2300,14.7600
1993-05-14,439.5600,14.3900
1993-05-17,440.3700,14.1300
1993-05-18,440.3200,14.1900
1993-05-19,447.5700,14.2900
1993-05-20,450.5900,13.9800
1993-05-21,445.8400,14.5100
1993-05-24,448.0000,14.1000
1993-05-25,448.8500,14.0400
1993-05-26,453.4400,12.8800
1993-05-27,452.4100,13.1000
1993-05-28,450.1900,13.4700
1993-06-01,453.8300,13.6700
1993-06-02,453.8500,13.4800
1993-06-03,452.4900,13.5400
1993-06-04,450.0600,12.8600
1993-06-07,447.6900,14.0700
1993-06-08,444.7100,14.7400
1993-06-09,445.7800,13.9600
1993-06-10,445.3800,13.3100
1993-06-11,447.2600,12.7100
1993-06-14,447.7100,12.3300
1993-06-15,446.2700,11.9900
1993-06-16,447.4300,11.8700
1993-06-17,448.5400,11.6600
1993-06-18,443.6800,12.2400
1993-06-21,446.2200,12.2500
1993-06-22,445.9300,11.6500
1993-06-23,443.1900,12.0400
1993-06-24,446.6200,12.2500
1993-06-25,447.6000,11.2500
1993-06-28,451.8500,11.1100
1993-06-29,450.6900,11.2900
1993-06-30,450.5300,11.2600
1993-07-01,449.0200,11.5100
1993-07-02,445.8400,11.3300
1993-07-06,441.4300,13.8700
1993-07-07,442.8300,13.0500
1993-07-08,448.6400,12.2400
1993-07-09,448.1100,10.8000
1993-07-12,448.9800,10.8500
1993-07-13,448.0900,11.0200
1993-07-14,450.0800,10.7800
1993-07-15,449.2200,10.6000
1993-07-16,445.7500,10.9600
1993-07-19,446.0300,11.4600
1993-07-20,447.3100,11.0500
1993-07-21,447.1800,11.9700
1993-07-22,444.5100,11.6900
1993-07-23,447.1000,11.3200
1993-07-26,449.0900,11.3200
1993-07-27,448.2400,11.3400
1993-07-28,447.1900,11.3700
1993-07-29,450.2400,11.2500
1993-07-30,448.1300,11.7300
1993-08-02,450.1500,11.4700
1993-08-03,449.2700,11.4900
1993-08-04,448.5400,11.7100
1993-08-05,448.1300,12.0300
1993-08-06,448.6800,12.3300
1993-08-09,450.7200,12.3900
1993-08-10,449.4500,12.3100
1993-08-11,450.4600,12.0700
1993-08-12,448.9600,12.3800
1993-08-13,450.1400,12.1900
1993-08-16,452.3800,12.0100
1993-08-17,453.1300,11.5900
1993-08-18,456.0400,11.5200
1993-08-19,456.4300,11.6300
1993-08-20,456.1600,11.6200
1993-08-23,455.2300,12.1500
1993-08-24,459.7700,11.8000
1993-08-25,460.1300,12.1000
1993-08-26,461.0400,12.1400
1993-08-27,460.5400,11.9100
1993-08-30,461.9000,11.7400
1993-08-31,463.5600,11.8500
1993-09-01,463.1500,11.4800
1993-09-02,461.3000,11.8700
1993-09-03,461.3400,11.1600
1993-09-07,458.5200,12.9000
1993-09-08,456.6500,13.2400
1993-09-09,457.5000,12.6700
1993-09-10,461.7200,11.7000
1993-09-13,462.0600,12.1600
1993-09-14,459.9000,13.1500
1993-09-15,461.6000,12.7000
1993-09-16,459.4300,13.3600
1993-09-17,458.8300,13.3900
1993-09-20,455.0500,14.6000
1993-09-21,452.9500,17.3000
1993-09-22,456.2000,13.7500
1993-09-23,457.7400,13.3600
1993-09-24,457.6300,12.4700
1993-09-27,461.8000,12.4900
1993-09-28,461.5300,12.1900
1993-09-29,460.1100,12.6300
1993-09-30,458.9300,12.9900
1993-10-01,461.2800,11.8300
1993-10-04,461.3400,12.8500
1993-10-05,461.2000,12.9700
1993-10-06,460.7400,12.6800
1993-10-07,459.1800,13.1400
1993-10-08,460.3100,12.0400
1993-10-11,460.8800,12.2600
1993-10-12,461.1200,12.4100
1993-10-13,461.4900,11.3800
1993-10-14,466.8300,11.0000
1993-10-15,469.5000,10.8700
1993-10-18,468.4500,11.3300
1993-10-19,466.2100,11.6100
1993-10-20,466.0700,11.3200
1993-10-21,465.3600,11.2000
1993-10-22,463.2700,11.4800
1993-10-25,464.2000,11.8300
1993-10-26,464.3000,11.8300
1993-10-27,464.6100,12.0100
1993-10-28,467.7300,11.8800
1993-10-29,467.8300,11.4600
1993-11-01,469.1000,11.7800
1993-11-02,468.4400,11.7400
1993-11-03,463.0200,13.2600
1993-11-04,457.4900,14.6800
1993-11-05,459.5700,14.9700
1993-11-08,460.2100,14.3100
1993-11-09,460.3300,13.9400
1993-11-10,463.7200,13.7200
1993-11-11,462.6400,13.8800
1993-11-12,465.3900,13.3300
1993-11-15,463.7500,14.4600
1993-11-16,466.7400,15.1100
1993-11-17,464.8100,15.5700
1993-11-18,463.6200,14.6500
1993-11-19,462.6000,15.0300
1993-11-22,459.1300,15.9000
1993-11-23,461.0300,14.2700
1993-11-24,462.3600,13.5100
1993-11-26,463.0600,13.7700
1993-11-29,461.9000,14.1200
1993-11-30,461.7900,13.7600
1993-12-01,461.8900,13.8300
1993-12-02,463.1100,13.5100
1993-12-03,464.8900,12.6900
1993-12-06,466.4300,12.8400
1993-12-07,466.7600,12.4100
1993-12-08,466.2900,12.4600
1993-12-09,464.1800,12.4300
1993-12-10,463.9300,12.6000
1993-12-13,465.7000,10.9800
1993-12-14,463.0600,11.1300
1993-12-15,461.8400,11.0300
1993-12-16,463.3400,10.9000
1993-12-17,466.3800,11.0800
1993-12-20,465.8500,10.7500
1993-12-21,465.3000,10.0800
1993-12-22,467.3200,9.3100
1993-12-23,467.3800,9.4800
1993-12-27,470.5400,9.7000
1993-12-28,470.9400,9.8200
1993-12-29,470.5800,10.4600
1993-12-30,468.6400,10.6900
1993-12-31,466.4500,11.6600
1994-01-03,465.4400,12.5700
1994-01-04,466.8900,11.9100
1994-01-05,467.5500,10.9400
1994-01-06,467.1200,11.2700
1994-01-07,469.9000,10.9600
1994-01-10,475.2700,10.7400
1994-01-11,474.1300,11.2900
1994-01-12,474.1700,11.6500
1994-01-13,472.4700,12.0800
1994-01-14,474.9100,11.1500
1994-01-17,473.3000,11.8800
1994-01-18,474.2500,11.6300
1994-01-19,474.3000,11.7600
1994-01-20,474.9800,11.1600
1994-01-21,474.7200,11.0900
1994-01-24,471.9700,11.6000
1994-01-25,470.9200,11.3800
1994-01-26,473.2000,11.1700
1994-01-27,477.0500,10.3000
1994-01-28,478.7000,9.9400
1994-01-31,481.6100,10.6300
1994-02-01,479.6200,10.6500
1994-02-02,482.0000,10.6100
1994-02-03,480.7100,10.7500
1994-02-04,469.8100,15.2500
1994-02-07,471.7600,13.9600
1994-02-08,471.0500,13.6600
1994-02-09,472.7700,13.3000
1994-02-10,468.9300,14.2400
1994-02-11,470.1800,14.4600
1994-02-14,470.2300,14.2800
1994-02-15,472.5200,13.4000
1994-02-16,472.7900,13.1300
1994-02-17,470.3400,13.7900
1994-02-18,467.6900,14.7000
1994-02-22,471.4600,13.5200
1994-02-23,470.6900,13.9100
1994-02-24,464.2600,15.9600
1994-02-25,466.0700,14.8000
1994-02-28,467.1400,14.8700
1994-03-01,464.4400,15.8300
1994-03-02,464.8100,16.0800
1994-03-03,463.0100,16.3600
1994-03-04,464.7400,16.0000
1994-03-07,466.9100,14.2600
1994-03-08,465.8800,16.2300
1994-03-09,467.0600,14.4100
1994-03-10,463.9000,16.5500
1994-03-11,466.4400,14.8700
1994-03-14,467.3900,16.6100
1994-03-15,467.0100,14.7800
1994-03-16,469.4200,14.5100
1994-03-17,470.9000,12.7600
1994-03-18,471.0600,13.3200
1994-03-21,468.5400,14.3400
1994-03-22,468.8000,13.3900
1994-03-23,468.5400,12.3100
1994-03-24,464.3500,13.4300
1994-03-25,460.5800,13.6700
1994-03-28,460.0000,14.9000
1994-03-29,452.4800,16.4900
1994-03-30,445.5500,18.5900
1994-03-31,445.7700,20.4500
1994-04-04,438.9200,23.8700
1994-04-05,448.2900,18.1300
1994-04-06,448.0500,17.3800
1994-04-07,450.8800,16.9800
1994-04-08,447.1000,16.9200
1994-04-11,449.8700,16.6100
1994-04-12,447.5700,16.4200
1994-04-13,446.2600,17.0200
1994-04-14,446.3800,16.2700
1994-04-15,446.1800,15.9800
1994-04-18,442.4600,17.2200
1994-04-19,442.5400,16.9300
1994-04-20,441.9600,17.0100
1994-04-21,448.7300,14.9300
1994-04-22,447.6300,14.9400
1994-04-25,452.7100,14.2600
1994-04-26,451.8700,13.8000
1994-04-28,449.1000,14.5100
1994-04-29,450.9100,13.7700
1994-05-02,453.0200,14.1100
1994-05-03,453.0300,13.8100
1994-05-04,451.7200,14.2900
1994-05-05,451.3800,14.5600
1994-05-06,447.8200,15.0800
1994-05-09,442.3200,16.1600
1994-05-10,446.0100,15.1900
1994-05-11,441.4900,15.5500
1994-05-12,443.7500,15.4600
1994-05-13,444.1400,14.5400
1994-05-16,444.4900,14.6700
1994-05-17,449.3700,14.0800
1994-05-18,453.6900,12.5500
1994-05-19,456.4800,12.3300
1994-05-20,454.9200,12.7900
1994-05-23,453.2000,13.4900
1994-05-24,454.8100,12.7300
1994-05-25,456.3400,12.4300
1994-05-26,457.0600,12.5000
1994-05-27,457.3300,12.4900
1994-05-31,456.5000,13.0300
1994-06-01,457.6300,12.7200
1994-06-02,457.6500,12.7300
1994-06-03,460.1300,12.1900
1994-06-06,458.8800,13.0300
1994-06-07,458.2100,13.0500
1994-06-08,457.0600,13.3200
1994-06-09,457.8600,13.2100
1994-06-10,458.6700,12.6900
1994-06-13,459.1000,11.9200
1994-06-14,462.3700,11.6000
1994-06-15,460.6100,11.5200
1994-06-16,461.9300,11.2200
1994-06-17,458.4500,12.3100
1994-06-20,455.4800,13.9600
1994-06-21,451.3400,14.7000
1994-06-22,453.0900,14.0200
1994-06-23,449.6300,14.1200
1994-06-24,442.8000,16.7200
1994-06-27,447.3100,15.5300
1994-06-28,446.0700,15.0400
1994-06-29,447.6300,14.4200
1994-06-30,444.2700,14.9700
1994-07-01,446.2000,14.3600
1994-07-05,446.3700,14.9200
1994-07-06,446.1300,14.7000
1994-07-07,448.3800,14.0100
1994-07-08,449.5500,13.2600
1994-07-11,448.0600,13.8300
1994-07-12,447.9500,13.4000
1994-07-13,448.7300,12.4200
1994-07-14,453.4100,11.6400
1994-07-15,454.1600,11.2800
1994-07-18,455.2200,11.4400
1994-07-19,453.8600,11.6500
1994-07-20,451.6000,11.7000
1994-07-21,452.6100,11.6500
1994-07-22,453.1100,11.2200
1994-07-25,454.2500,11.4600
1994-07-26,453.3600,11.6600
1994-07-27,452.5700,11.9300
1994-07-28,454.2400,12.0300
1994-07-29,458.2600,11.1300
1994-08-01,461.0100,11.1700
1994-08-02,460.5600,11.2700
1994-08-03,461.4500,11.3500
1994-08-04,458.4000,12.1800
1994-08-05,457.0900,12.3400
1994-08-08,457.8900,12.4100
1994-08-09,457.9200,12.5400
1994-08-10,460.3000,11.9100
1994-08-11,458.8800,12.1300
1994-08-12,461.9400,11.0900
1994-08-15,461.2300,12.0600
1994-08-16,465.0100,11.3900
1994-08-17,465.1700,11.5400
1994-08-18,463.1700,12.0700
1994-08-19,463.6800,12.8300
1994-08-22,462.3200,12.6200
1994-08-23,464.5100,11.7500
1994-08-24,469.0300,11.5700
1994-08-25,468.0800,12.0200
1994-08-26,473.8000,12.1900
1994-08-29,474.5900,11.8200
1994-08-30,476.0700,11.2300
1994-08-31,475.4900,11.9700
1994-09-01,473.1700,11.8600
1994-09-02,470.9900,11.4000
1994-09-06,471.8600,11.6900
1994-09-07,470.9900,11.8100
1994-09-08,473.1400,11.8600
1994-09-09,468.1800,13.1200
1994-09-12,466.2100,14.0100
1994-09-13,467.5100,13.7700
1994-09-14,468.8000,13.0900
1994-09-15,474.8100,11.8800
1994-09-16,471.1900,12.8000
1994-09-19,470.8500,13.0600
1994-09-20,463.3600,14.4500
1994-09-21,461.4600,14.4900
1994-09-22,461.2700,13.8900
1994-09-23,459.6700,14.5300
1994-09-26,460.8200,14.5600
1994-09-27,462.0500,14.1300
1994-09-28,464.8400,13.2500
1994-09-29,462.2400,13.9700
1994-09-30,462.7100,14.2800
1994-10-03,461.7400,15.4400
1994-10-04,454.5900,16.6600
1994-10-05,453.5200,15.9200
1994-10-06,452.3600,16.2400
1994-10-07,455.1000,14.9200
1994-10-10,459.0400,14.7200
1994-10-11,465.7900,13.5500
1994-10-12,465.4700,14.5100
1994-10-13,467.7900,14.9000
1994-10-14,469.1000,13.3200
1994-10-17,468.9600,14.7600
1994-10-18,467.6600,14.5900
1994-10-19,470.2800,15.1300
1994-10-20,466.8500,15.9900
1994-10-21,464.8900,15.9100
1994-10-24,460.8300,16.9700
1994-10-25,461.5300,16.1300
1994-10-26,462.6200,15.7000
1994-10-27,465.8500,15.6700
1994-10-28,473.7700,14.5600
1994-10-31,472.3500,14.5600
1994-11-01,468.4200,14.8400
1994-11-02,466.5100,15.3400
1994-11-03,467.9100,15.5800
1994-11-04,462.2800,16.7500
1994-11-07,463.0700,17.3700
1994-11-08,465.6500,16.3000
1994-11-09,465.4000,16.4200
1994-11-10,464.3700,16.0000
1994-11-11,462.3500,16.5000
1994-11-14,466.0400,16.6800
1994-11-15,465.0300,16.6600
1994-11-16,465.6200,15.5600
1994-11-17,463.5700,15.9100
1994-11-18,461.4700,16.0000
1994-11-21,458.3000,16.1300
1994-11-22,450.0900,17.2400
1994-11-23,449.9300,18.4100
1994-11-25,452.2900,17.4400
1994-11-28,454.1600,16.8300
1994-11-29,455.1700,16.1500
1994-11-30,453.6900,15.9500
1994-12-01,448.9200,16.6900
1994-12-02,453.3000,16.5500
1994-12-05,453.3200,16.1000
1994-12-06,453.1100,16.0500
1994-12-07,451.2300,16.2800
1994-12-08,445.4500,18.1500
1994-12-09,446.9600,16.0400
1994-12-12,449.4700,15.4600
1994-12-13,450.1500,14.4800
1994-12-14,454.9700,13.0300
1994-12-15,455.3400,12.8700
1994-12-16,458.8000,12.7900
1994-12-19,457.9100,13.0200
1994-12-20,457.1000,12.9800
1994-12-21,459.6100,12.0500
1994-12-22,459.6800,12.4200
1994-12-23,459.8300,11.8200
1994-12-27,462.4700,12.0700
1994-12-28,460.8600,12.8100
1994-12-29,461.1700,12.8600
1994-12-30,459.2700,13.2000
1995-01-03,459.1100,14.2500
1995-01-04,460.7100,13.5300
1995-01-05,460.3400,13.5000
1995-01-06,460.6800,13.1300
1995-01-09,460.8300,13.3300
1995-01-10,461.6800,12.5200
1995-01-11,461.6600,12.1500
1995-01-12,461.6400,12.8300
1995-01-13,465.9700,11.1000
1995-01-16,469.3800,11.1400
1995-01-17,470.0500,11.7900
1995-01-18,469.7100,11.5700
1995-01-19,466.9500,11.8600
1995-01-20,464.7800,12.1500
1995-01-23,465.8200,12.7900
1995-01-24,465.8600,11.9400
1995-01-25,467.4400,11.4600
1995-01-26,468.3200,11.2500
1995-01-27,470.3900,11.2500
1995-01-30,468.5100,12.2600
1995-01-31,470.4200,11.9600
1995-02-01,470.4000,11.7300
1995-02-02,472.7900,11.1300
1995-02-03,478.6500,10.9800
1995-02-06,481.1400,11.2200
1995-02-07,480.8100,11.1700
1995-02-08,481.1900,11.4200
1995-02-09,480.1900,11.6300
1995-02-10,481.4600,11.2800
1995-02-13,481.6500,11.4100
1995-02-14,482.5500,11.4300
1995-02-15,484.5400,11.5200
1995-02-16,485.2200,11.6100
1995-02-17,481.9700,11.7100
1995-02-21,482.7200,12.0500
1995-02-22,485.0700,11.3900
1995-02-23,486.9100,11.1500
1995-02-24,488.1100,10.8400
1995-02-27,483.8100,12.5100
1995-02-28,487.3900,11.7500
1995-03-01,485.6500,11.6500
1995-03-02,485.1300,12.0200
1995-03-03,485.4200,11.4500
1995-03-06,485.6300,12.1700
1995-03-07,482.1200,14.2200
1995-03-08,483.1400,13.7200
1995-03-09,483.1600,13.3600
1995-03-10,489.5700,12.3800
1995-03-13,490.0500,12.1500
1995-03-14,492.8900,12.1000
1995-03-15,491.8800,12.4200
1995-03-16,495.4100,11.9500
1995-03-17,495.5200,11.8000
1995-03-20,496.1400,11.3400
1995-03-21,495.0700,11.5300
1995-03-22,495.6700,11.2900
1995-03-23,495.9500,11.4300
1995-03-24,500.9700,11.1900
1995-03-27,503.2000,11.8300
1995-03-28,503.9000,11.3300
1995-03-29,503.1200,12.5100
1995-03-30,502.2200,12.6200
1995-03-31,500.7100,13.3700
1995-04-03,501.8500,13.5000
1995-04-04,505.2400,12.6200
1995-04-05,505.5700,12.9600
1995-04-06,506.0800,12.8100
1995-04-07,506.4200,12.8500
1995-04-10,507.0100,12.7900
1995-04-11,505.5300,12.7300
1995-04-12,507.1700,12.0400
1995-04-13,509.2300,11.4800
1995-04-17,506.1300,12.3300
1995-04-18,505.3700,12.9600
1995-04-19,504.9200,13.0900
1995-04-20,505.2900,12.1000
1995-04-21,508.4900,11.8600
1995-04-24,512.8900,11.9200
1995-04-25,512.1000,12.4100
1995-04-26,512.6600,12.2800
1995-04-27,513.5500,11.9300
1995-04-28,514.7100,11.7500
1995-05-01,514.2600,12.1400
1995-05-02,514.8600,11.8800
1995-05-03,520.4800,11.6900
1995-05-04,520.5400,12.6400
1995-05-05,520.1200,12.0600
1995-05-08,523.9600,12.2200
1995-05-09,523.5600,12.7500
1995-05-10,524.3600,13.0800
1995-05-11,524.3700,12.9800
1995-05-12,525.5500,11.8400
1995-05-15,527.7400,12.3800
1995-05-16,528.1900,12.2000
1995-05-17,527.0700,12.3600
1995-05-18,519.5800,13.1300
1995-05-19,519.1900,12.8100
1995-05-22,523.6500,11.6800
1995-05-23,528.5900,11.5500
1995-05-24,528.6100,11.2600
1995-05-25,528.5900,11.6300
1995-05-26,523.6500,12.2000
1995-05-30,523.5800,12.5200
1995-05-31,533.4000,12.8500
1995-06-01,533.4900,12.2100
1995-06-02,532.5100,12.9800
1995-06-05,535.6000,13.4500
1995-06-06,535.5500,13.0000
1995-06-07,533.1300,12.8400
1995-06-08,532.3500,12.8900
1995-06-09,527.9400,12.7600
1995-06-12,530.8800,11.9100
1995-06-13,536.0500,11.2900
1995-06-14,536.4700,11.2900
1995-06-15,537.1200,11.2300
1995-06-16,539.8300,10.7500
1995-06-19,545.2200,11.2100
1995-06-20,544.9800,11.1600
1995-06-21,543.9800,11.3200
1995-06-22,551.0700,11.4400
1995-06-23,549.7100,11.1200
1995-06-26,544.1300,11.8000
1995-06-27,542.4300,12.3700
1995-06-28,544.7300,11.7400
1995-06-29,543.8700,11.5900
1995-06-30,544.7500,11.3800
1995-07-03,547.0900,11.5700
1995-07-05,547.2600,12.1000
1995-07-06,553.9900,11.5200
1995-07-07,556.3700,11.7700
1995-07-10,557.1900,12.1900
1995-07-11,554.7800,12.2500
1995-07-12,560.8900,12.3100
1995-07-13,561.0000,12.5600
1995-07-14,559.8900,12.0800
1995-07-17,562.7200,12.2600
1995-07-18,558.4600,12.6800
1995-07-19,550.9800,13.4900
1995-07-20,553.5400,12.7800
1995-07-21,553.6200,12.3700
1995-07-24,556.6300,12.5500
1995-07-25,561.1000,12.7700
1995-07-26,561.6100,13.1800
1995-07-27,565.2200,13.1800
1995-07-28,562.9300,13.1800
1995-07-31,562.0600,13.4900
1995-08-01,559.6400,13.5600
1995-08-02,558.8000,13.6600
1995-08-03,558.7500,13.7800
1995-08-04,558.9400,13.2100
1995-08-07,560.0300,13.1000
1995-08-08,560.3900,13.0600
1995-08-09,559.7100,12.7500
1995-08-10,557.4500,13.0000
1995-08-11,555.1100,12.9000
1995-08-14,559.7400,13.2400
1995-08-15,558.5700,12.3500
1995-08-16,559.9700,12.4500
1995-08-17,559.0400,12.1300
1995-08-18,559.2100,12.0300
1995-08-21,558.1100,13.4200
1995-08-22,559.5200,12.6000
1995-08-23,557.1400,13.1700
1995-08-24,557.4600,12.9400
1995-08-25,560.1000,12.3300
1995-08-28,559.0500,12.4800
1995-08-29,560.0000,12.6500
1995-08-30,560.9200,12.0300
1995-08-31,561.8800,11.5200
1995-09-01,563.8400,11.2900
1995-09-05,569.1700,11.6500
1995-09-06,570.1700,11.6500
1995-09-07,570.2900,11.8500
1995-09-08,572.6800,11.1600
1995-09-11,573.9100,11.5100
1995-09-12,576.5100,11.4600
1995-09-13,578.7700,11.3500
1995-09-14,583.6100,11.1000
1995-09-15,583.3500,11.5800
1995-09-18,582.7700,12.3400
1995-09-19,584.2000,12.6700
1995-09-20,586.7700,12.3500
1995-09-21,583.0000,12.5000
1995-09-22,581.7300,12.4600
1995-09-25,581.8100,13.2200
1995-09-26,581.4100,12.9000
1995-09-27,581.0400,12.9000
1995-09-28,585.8700,12.4600
1995-09-29,584.4100,12.7400
1995-10-02,581.7200,13.9500
1995-10-03,582.3400,14.5000
1995-10-04,581.4700,14.8600
1995-10-05,582.6300,15.7400
1995-10-06,582.4900,13.9800
1995-10-09,578.3700,14.8500
1995-10-10,577.5200,14.9700
1995-10-11,579.4600,14.5700
1995-10-12,583.1000,14.2400
1995-10-13,584.5000,13.6700
1995-10-16,583.0300,14.6200
1995-10-17,586.7800,14.0300
1995-10-18,587.4400,14.0500
1995-10-19,590.6500,13.5500
1995-10-20,587.4600,13.4600
1995-10-23,585.0600,14.1700
1995-10-24,586.5400,13.8500
1995-10-25,582.4700,14.4900
1995-10-26,576.7200,15.5900
1995-10-27,579.7000,14.6300
1995-10-30,583.2500,14.2600
1995-10-31,581.5000,13.8300
1995-11-01,584.2200,13.4100
1995-11-02,589.7200,13.1900
1995-11-03,590.5700,12.2600
1995-11-06,588.4600,12.7400
1995-11-07,586.3200,13.0500
1995-11-08,591.7100,12.1600
1995-11-09,593.2600,12.4600
1995-11-10,592.7200,12.9700
1995-11-13,592.3000,13.2000
1995-11-14,589.2900,13.3800
1995-11-15,593.9600,12.9500
1995-11-16,597.3400,12.5700
1995-11-17,600.0700,12.4900
1995-11-20,596.8500,12.3700
1995-11-21,600.2400,11.7400
1995-11-22,598.4000,11.8100
1995-11-24,599.9700,11.8700
1995-11-27,601.3200,12.4300
1995-11-28,606.4500,11.5700
1995-11-29,607.6400,11.6500
1995-11-30,605.3700,11.5800
1995-12-01,606.9800,11.1100
1995-12-04,613.6800,10.6600
1995-12-05,617.6800,11.6500
1995-12-06,620.1800,12.7000
1995-12-07,616.1700,12.7400
1995-12-08,617.4800,11.1200
1995-12-11,619.5200,11.0600
1995-12-12,618.7800,10.6300
1995-12-13,621.6900,10.3600
1995-12-14,616.9200,11.0700
1995-12-15,616.3400,11.4400
1995-12-18,606.8100,14.5500
1995-12-19,611.9300,13.1600
1995-12-20,605.9400,12.2000
1995-12-21,610.4900,10.7700
1995-12-22,611.9500,11.5100
1995-12-26,614.3000,11.4900
1995-12-27,614.5300,11.9800
1995-12-28,614.1200,12.2500
1995-12-29,615.9300,12.5200
1996-01-02,620.7300,12.1900
1996-01-03,621.3200,12.1000
1996-01-04,617.7000,13.7800
1996-01-05,616.7100,13.5800
1996-01-08,618.4600,13.1100
1996-01-09,609.4500,15.2100
1996-01-10,598.4800,16.4000
1996-01-11,602.6900,14.6900
1996-01-12,601.8100,14.2300
1996-01-15,599.8200,14.9900
1996-01-16,608.4400,14.0900
1996-01-17,606.3700,14.2500
1996-01-18,608.2400,13.5800
1996-01-19,611.8300,12.7000
1996-01-22,613.4000,13.3400
1996-01-23,612.7900,13.5600
1996-01-24,619.9600,12.5400
1996-01-25,617.0300,12.9400
1996-01-26,621.6200,12.0000
1996-01-29,624.2200,12.1900
1996-01-30,630.1500,12.4200
1996-01-31,636.0200,12.5300
1996-02-01,638.4600,12.6500
1996-02-02,635.8400,13.2300
1996-02-05,641.4300,13.4600
1996-02-06,646.3300,14.5900
1996-02-07,649.9300,14.1100
1996-02-08,656.0700,13.8900
1996-02-09,656.3700,14.6300
1996-02-12,661.4500,14.6900
1996-02-13,660.5100,14.9400
1996-02-14,655.5800,15.5900
1996-02-15,651.3200,16.1300
1996-02-16,647.9800,15.3700
1996-02-20,640.6500,16.8000
1996-02-21,648.1000,14.4700
1996-02-22,658.8600,14.5600
1996-02-23,659.0800,14.7800
1996-02-26,650.4600,16.3800
1996-02-27,647.2400,16.6300
1996-02-28,644.7500,16.7200
1996-02-29,640.4300,17.0400
1996-03-01,644.3700,16.7200
1996-03-04,650.8100,16.6700
1996-03-05,655.7900,16.1000
1996-03-06,652.0000,16.5600
1996-03-07,653.6500,16.4900
1996-03-08,633.5000,20.7000
1996-03-11,640.0200,19.4000
1996-03-12,637.0900,19.0900
1996-03-13,638.5500,18.1300
1996-03-14,640.8700,16.9300
1996-03-15,641.4300,16.5400
1996-03-18,652.6500,17.3100
1996-03-19,651.6900,18.3500
1996-03-20,649.9800,18.6600
1996-03-21,649.1900,17.7400
1996-03-22,650.6200,17.0500
1996-03-25,650.0400,17.8400
1996-03-26,652.9700,17.8000
1996-03-27,648.9100,17.8900
1996-03-28,648.9400,18.1600
1996-03-29,645.5000,18.8800
1996-04-01,653.7300,17.9000
1996-04-02,655.2600,16.4500
1996-04-03,655.8800,16.3300
1996-04-04,655.8600,16.1800
1996-04-08,644.2400,18.7200
1996-04-09,642.1900,17.3200
1996-04-10,633.5000,20.2200
1996-04-11,631.1800,19.6500
1996-04-12,636.7100,17.3800
1996-04-15,642.4900,16.8300
1996-04-16,645.0000,16.4500
1996-04-17,641.6100,17.0700
1996-04-18,643.6100,16.4100
1996-04-19,645.0700,15.1200
1996-04-22,647.8900,15.3800
1996-04-23,651.5800,15.0100
1996-04-24,650.1700,14.9100
1996-04-25,652.8700,14.7200
1996-04-26,653.4600,14.7500
1996-04-29,654.1600,15.4500
1996-04-30,654.1700,15.8300
1996-05-01,654.5800,16.0700
1996-05-02,643.3800,18.6200
1996-05-03,641.6300,16.7000
1996-05-06,640.8100,16.9200
1996-05-07,638.2600,16.8700
1996-05-08,644.7700,15.7800
1996-05-09,645.4400,16.9900
1996-05-10,652.0900,15.6100
1996-05-13,661.5100,15.1600
1996-05-14,665.6000,14.9000
1996-05-15,665.4200,15.5900
1996-05-16,664.8500,15.7100
1996-05-17,668.9100,15.1300
1996-05-20,673.1500,15.8000
1996-05-21,672.7600,16.0000
1996-05-22,678.4200,15.5000
1996-05-23,676.0000,16.1700
1996-05-24,678.5100,15.5400
1996-05-28,672.2300,16.9200
1996-05-29,667.9300,17.1500
1996-05-30,671.7000,16.0200
1996-05-31,669.1200,16.0700
1996-06-03,667.6800,16.8600
1996-06-04,672.5600,16.1800
1996-06-05,678.4400,16.0400
1996-06-06,673.0300,16.8400
1996-06-07,673.3100,16.1000
1996-06-10,672.1600,16.7800
1996-06-11,670.9700,16.6800
1996-06-12,669.0400,17.0000
1996-06-13,667.9200,17.1200
1996-06-14,665.8500,18.6400
1996-06-17,665.1600,17.4600
1996-06-18,662.0600,17.4500
1996-06-19,661.9600,17.5400
1996-06-20,662.1000,16.9700
1996-06-21,666.8400,15.8000
1996-06-24,668.8500,15.9100
1996-06-25,668.4800,15.4300
1996-06-26,664.3900,15.2300
1996-06-27,668.5500,14.1900
1996-06-28,670.6300,13.6800
1996-07-01,675.8800,13.7800
1996-07-02,673.6100,14.1900
1996-07-03,672.4000,14.2100
1996-07-05,657.4400,16.0900
1996-07-08,652.5400,16.4200
1996-07-09,654.7500,15.4900
1996-07-10,656.0600,15.5100
1996-07-11,645.6700,17.8100
1996-07-12,646.1900,17.0900
1996-07-15,629.8000,20.1100
1996-07-16,628.3700,20.1000
1996-07-17,634.0700,19.2200
1996-07-18,643.5600,17.9300
1996-07-19,638.7300,17.2600
1996-07-22,633.7700,20.4100
1996-07-23,626.8700,21.5500
1996-07-24,626.6500,21.4400
1996-07-25,631.1700,19.3900
1996-07-26,635.9000,17.4500
1996-07-29,630.9100,20.0900
1996-07-30,635.2600,20.5300
1996-07-31,639.9500,19.4600
1996-08-01,650.0200,18.7600
1996-08-02,662.4900,16.1900
1996-08-05,660.2300,17.3600
1996-08-06,662.3800,16.9300
1996-08-07,664.1600,16.2400
1996-08-08,662.5900,16.0400
1996-08-09,662.1000,15.7700
1996-08-12,665.7700,15.5700
1996-08-13,660.2000,16.4100
1996-08-14,662.0500,15.9600
1996-08-15,662.2800,15.4600
1996-08-16,665.2100,14.8100
1996-08-19,666.5800,15.2700
1996-08-20,665.6900,14.7300
1996-08-21,665.0700,14.5200
1996-08-22,670.6800,13.7100
1996-08-23,667.0300,14.1800
1996-08-26,663.8800,15.3800
1996-08-27,666.4000,15.1100
1996-08-28,664.8100,15.1000
1996-08-29,657.4000,16.2200
1996-08-30,651.9900,17.0100
1996-09-03,654.7200,18.4700
1996-09-04,655.6100,18.6400
1996-09-05,649.4400,20.5100
1996-09-06,655.6800,17.1000
1996-09-09,663.7600,16.3600
1996-09-10,663.8100,16.2500
1996-09-11,667.2800,16.0600
1996-09-12,671.1500,15.9700
1996-09-13,680.5400,15.2000
1996-09-16,683.9800,15.4300
1996-09-17,682.9400,15.7400
1996-09-18,681.4700,15.8600
1996-09-19,683.0000,16.0300
1996-09-20,687.0300,15.6500
1996-09-23,686.4800,16.4600
1996-09-24,685.6100,16.4500
1996-09-25,685.8300,16.2200
1996-09-26,685.8600,16.1100
1996-09-27,686.1900,16.1000
1996-09-30,687.3300,16.9500
1996-10-01,689.0800,17.0500
1996-10-02,694.0100,16.7800
1996-10-03,692.7800,16.7700
1996-10-04,701.4600,14.8000
1996-10-07,703.3400,15.1100
1996-10-08,700.6400,15.5800
1996-10-09,696.7400,16.0900
1996-10-10,694.6100,16.2600
1996-10-11,700.6600,15.0700
1996-10-14,703.5400,15.1300
1996-10-15,702.5700,15.8300
1996-10-16,704.4100,15.6000
1996-10-17,706.9900,15.4100
1996-10-18,710.8200,15.0800
1996-10-21,709.8500,15.9800
1996-10-22,706.5700,16.4000
1996-10-23,707.2700,16.4500
1996-10-24,702.2900,16.8900
1996-10-25,700.9200,17.2900
1996-10-28,697.2600,18.3400
1996-10-29,701.5000,18.2800
1996-10-30,700.9000,18.4800
1996-10-31,705.2700,18.1100
1996-11-01,703.7700,17.8900
1996-11-04,706.7300,18.0400
1996-11-05,714.1400,17.6500
1996-11-06,724.5900,16.9700
1996-11-07,727.6500,17.2100
1996-11-08,730.8200,15.7800
1996-11-11,731.8700,14.0400
1996-11-12,729.5600,15.3600
1996-11-13,731.1300,14.8900
1996-11-14,735.8800,13.7900
1996-11-15,737.6200,14.3600
1996-11-18,737.0200,15.1200
1996-11-19,742.1600,15.2300
1996-11-20,743.9500,15.9400
1996-11-21,742.7500,15.7700
1996-11-22,748.7300,14.9200
1996-11-25,757.0300,15.9100
1996-11-26,755.9600,16.9700
1996-11-27,755.0000,16.9600
1996-11-29,757.0200,17.1400
1996-12-02,756.5600,17.9300
1996-12-03,748.2800,18.6800
1996-12-04,745.1000,17.9300
1996-12-05,744.3800,18.1400
1996-12-06,739.6000,18.8200
1996-12-09,749.7600,17.7500
1996-12-10,747.5400,17.8800
1996-12-11,740.7300,19.6800
1996-12-12,729.3000,20.4500
1996-12-13,728.6400,21.0900
1996-12-16,720.9800,21.9900
1996-12-17,726.0400,20.7700
1996-12-18,731.5400,19.4200
1996-12-19,745.7600,18.7700
1996-12-20,748.8700,18.8500
1996-12-23,746.9200,19.5000
1996-12-24,751.0300,18.6800
1996-12-26,755.8200,18.5900
1996-12-27,756.7900,19.1300
1996-12-30,753.8500,19.5100
1996-12-31,740.7400,20.9200
1997-01-02,737.0100,21.1400
1997-01-03,748.0300,19.1300
1997-01-06,747.6500,19.8900
1997-01-07,753.2300,19.3500
1997-01-08,748.4100,20.2400
1997-01-09,754.8500,20.9100
1997-01-10,759.5000,19.6300
1997-01-13,759.5100,19.8400
1997-01-14,768.8600,19.2700
1997-01-15,767.2000,19.4000
1997-01-16,769.7500,19.6100
1997-01-17,776.1700,18.6300
1997-01-20,776.7000,18.6000
1997-01-21,782.7200,17.8100
1997-01-22,786.2300,17.0900
1997-01-23,777.5600,18.4700
1997-01-24,770.5200,19.3300
1997-01-27,765.0200,20.1600
1997-01-28,765.0200,20.7400
1997-01-29,772.5000,20.2300
1997-01-30,784.1700,19.4700
1997-01-31,786.1600,19.4700
1997-02-03,786.7300,19.5800
1997-02-04,789.2600,19.4300
1997-02-05,778.2800,21.0600
1997-02-06,780.1500,20.1600
1997-02-07,789.5600,18.9000
1997-02-10,785.4300,20.6500
1997-02-11,789.5900,19.9700
1997-02-12,802.7700,19.4800
1997-02-13,811.8200,19.2300
1997-02-14,808.4800,19.1800
1997-02-18,816.2900,19.7000
1997-02-19,812.4900,20.6100
1997-02-20,802.8000,21.4100
1997-02-21,801.7700,20.5500
1997-02-24,810.2800,19.8400
1997-02-25,812.0300,19.9800
1997-02-26,805.6800,20.7400
1997-02-27,795.0700,21.0800
1997-02-28,790.8200,21.1000
1997-03-03,795.3100,20.8900
1997-03-04,790.9500,20.6200
1997-03-05,801.9900,19.4900
1997-03-06,798.5600,20.4800
1997-03-07,804.9700,19.3200
1997-03-10,813.6500,19.0000
1997-03-11,811.3400,19.2500
1997-03-12,804.2600,19.6100
1997-03-13,789.5600,19.7900
1997-03-14,793.1700,19.8100
1997-03-17,795.7100,20.9500
1997-03-18,789.6600,21.2600
1997-03-19,785.7700,21.7400
1997-03-20,782.6500,21.2200
1997-03-21,784.1000,19.6900
1997-03-24,790.8900,20.0600
1997-03-25,789.0700,19.2600
1997-03-26,790.5000,18.3200
1997-03-27,773.8800,20.5000
1997-03-31,757.1200,22.1400
1997-04-01,759.6400,20.8400
1997-04-02,750.1100,21.3000
1997-04-03,750.3200,21.1900
1997-04-04,757.9000,19.2300
1997-04-07,762.1300,18.5100
1997-04-08,766.1200,18.4400
1997-04-09,760.6000,18.5600
1997-04-10,758.3400,19.0100
1997-04-11,737.6500,19.7600
1997-04-14,743.7300,19.0900
1997-04-15,754.7200,18.2500
1997-04-16,763.5300,17.6400
1997-04-17,761.7700,18.7100
1997-04-18,766.3400,18.7500
1997-04-21,760.3700,20.1000
1997-04-22,774.6100,19.5200
1997-04-23,773.6400,20.4800
1997-04-24,771.1800,20.8300
1997-04-25,765.3700,21.1500
1997-04-28,772.9600,21.3400
1997-04-29,794.0500,19.8100
1997-04-30,801.3400,20.0600
1997-05-01,798.5300,19.8700
1997-05-02,812.9700,17.5100
1997-05-05,830.2900,20.1300
1997-05-06,827.7600,20.8500
1997-05-07,815.6200,21.3400
1997-05-08,820.2600,21.2600
1997-05-09,824.7800,20.1100
1997-05-12,837.6600,20.2500
1997-05-13,833.1300,20.8100
1997-05-14,836.0400,21.0900
1997-05-15,841.8800,19.9100
1997-05-16,829.7500,21.5700
1997-05-19,833.2700,21.4800
1997-05-20,841.6600,19.2600
1997-05-21,839.3500,19.2800
1997-05-22,835.6600,18.7700
1997-05-23,847.0300,18.0800
1997-05-27,849.7100,19.3600
1997-05-28,847.2100,19.2800
1997-05-29,844.0800,19.0200
1997-05-30,848.2800,19.1900
1997-06-02,846.3600,20.8500
1997-06-03,845.4800,20.0100
1997-06-04,840.1100,20.1000
1997-06-05,843.4300,20.3600
1997-06-06,858.0100,18.9400
1997-06-09,862.9100,19.4600
1997-06-10,865.2700,19.0400
1997-06-11,869.5700,18.8500
1997-06-12,883.4600,18.5100
1997-06-13,893.2700,19.2700
1997-06-16,893.9000,19.7700
1997-06-17,894.4200,20.1700
1997-06-18,889.0600,20.4500
1997-06-19,897.9900,20.1000
1997-06-20,898.7000,20.2000
1997-06-23,878.6200,21.1900
1997-06-24,896.3400,20.7400
1997-06-25,888.9900,21.5000
1997-06-26,883.6800,21.8200
1997-06-27,887.3000,21.2200
1997-06-30,885.1400,21.5300
1997-07-01,891.0300,21.0000
1997-07-02,904.0300,19.7000
1997-07-03,916.9200,17.8200
1997-07-07,912.2000,19.1300
1997-07-08,918.7500,18.7600
1997-07-09,907.5400,20.4000
1997-07-10,913.7800,19.9200
1997-07-11,916.6800,19.0600
1997-07-14,918.3800,19.5800
1997-07-15,925.7600,19.0000
1997-07-16,936.5900,19.3600
1997-07-17,931.6100,20.5400
1997-07-18,915.3000,22.2800
1997-07-21,912.9400,23.5100
1997-07-22,933.9800,21.7700
1997-07-23,936.5600,21.3000
1997-07-24,940.3000,20.9600
1997-07-25,938.7900,20.8200
1997-07-28,936.4500,21.8400
1997-07-29,942.2900,22.0200
1997-07-30,952.2900,21.3900
1997-07-31,954.3100,21.4800
1997-08-01,947.1400,22.2900
1997-08-04,950.3000,21.9400
1997-08-05,952.3700,20.6400
1997-08-06,960.3200,20.0500
1997-08-07,951.1900,19.7700
1997-08-08,933.5400,22.4600
1997-08-11,937.0000,22.7700
1997-08-12,926.5300,23.7500
1997-08-13,922.0200,24.5200
1997-08-14,924.7700,23.1100
1997-08-15,900.8100,24.4500
1997-08-18,912.4900,24.3700
1997-08-19,926.0100,22.6400
1997-08-20,939.3500,21.0900
1997-08-21,925.0500,23.8300
1997-08-22,923.5400,24.7400
1997-08-25,920.1600,24.1000
1997-08-26,913.0200,24.7300
1997-08-27,913.7000,24.2600
1997-08-28,903.6700,24.5100
1997-08-29,899.4700,24.7600
1997-09-02,927.5800,24.5300
1997-09-03,927.8600,24.9500
1997-09-04,930.8700,25.2700
1997-09-05,929.0500,24.3100
1997-09-08,931.2000,24.4000
1997-09-09,933.6200,23.8900
1997-09-10,919.0300,24.6400
1997-09-11,912.5900,25.9900
1997-09-12,923.9100,25.1700
1997-09-15,919.7700,25.7400
1997-09-16,945.6400,23.7700
1997-09-17,943.0000,24.1000
1997-09-18,947.2900,23.4800
1997-09-19,950.5100,22.7400
1997-09-22,955.4300,22.0800
1997-09-23,951.9300,22.0000
1997-09-24,944.4800,22.6400
1997-09-25,937.9100,22.9600
1997-09-26,945.2200,22.2600
1997-09-29,953.3400,22.2300
1997-09-30,947.2800,22.9100
1997-10-01,955.4100,22.3200
1997-10-02,960.4600,22.2700
1997-10-03,965.0300,21.5400
1997-10-06,972.6900,21.6100
1997-10-07,983.1200,20.2900
1997-10-08,973.8400,20.7700
1997-10-09,970.6200,22.3100
1997-10-10,966.9800,19.7500
1997-10-13,968.1000,20.2600
1997-10-14,970.2800,19.9900
1997-10-15,965.7200,20.0500
1997-10-16,955.2500,20.5300
1997-10-17,944.1600,21.6900
1997-10-20,955.6100,20.7200
1997-10-21,972.2800,19.5300
1997-10-22,968.4900,19.8600
1997-10-23,950.6900,22.9900
1997-10-24,941.6400,23.1700
1997-10-27,876.9900,31.1200
1997-10-28,921.8500,31.2200
1997-10-29,919.1600,33.7500
1997-10-30,903.6800,38.2000
1997-10-31,914.6200,35.0900
1997-11-03,938.9900,32.0900
1997-11-04,940.7600,32.2400
1997-11-05,942.7600,32.1800
1997-11-06,938.0300,32.5700
1997-11-07,927.5100,36.2700
1997-11-10,921.1300,36.6300
1997-11-11,923.7800,36.3800
1997-11-12,905.9600,37.8400
1997-11-13,916.6600,36.6400
1997-11-14,928.3500,33.6600
1997-11-17,946.2000,31.5800
1997-11-18,938.2300,31.5500
1997-11-19,944.5900,29.9300
1997-11-20,958.9800,27.3200
1997-11-21,963.0900,26.6500
1997-11-24,946.6700,29.8000
1997-11-25,950.8200,28.9500
1997-11-26,951.6400,28.9500
1997-11-28,955.4000,27.4300
1997-12-01,974.7700,26.0100
1997-12-02,971.6800,25.6600
1997-12-03,976.7700,23.9200
1997-12-04,973.1000,23.8400
1997-12-05,983.7900,22.6500
1997-12-08,982.3700,23.2200
1997-12-09,975.7800,23.3600
1997-12-10,969.7900,24.5500
1997-12-11,954.9400,27.6300
1997-12-12,953.3900,27.9200
1997-12-15,963.3900,27.3700
1997-12-16,968.0400,26.1100
1997-12-17,965.5400,26.3300
1997-12-18,955.3000,27.1900
1997-12-19,946.7800,29.1800
1997-12-22,953.7000,28.5600
1997-12-23,939.1300,29.8600
1997-12-24,932.7000,30.2700
1997-12-26,936.4600,29.2700
1997-12-29,953.3500,26.7900
1997-12-30,970.8400,24.3800
1997-12-31,970.4300,24.0100
1998-01-02,975.0400,23.4200
1998-01-05,977.0700,24.3600
1998-01-06,966.5800,25.6600
1998-01-07,964.0000,25.0700
1998-01-08,956.0500,26.0100
1998-01-09,927.6900,28.6900
1998-01-12,939.2100,28.0200
1998-01-13,952.1200,25.1700
1998-01-14,957.9400,23.7500
1998-01-15,950.7300,23.4500
1998-01-16,961.5100,21.6500
1998-01-20,978.6000,21.6500
1998-01-21,970.8100,22.5300
1998-01-22,963.0400,23.1600
1998-01-23,957.5900,23.3200
1998-01-26,956.9500,23.9700
1998-01-27,969.0200,22.2700
1998-01-28,977.4600,22.0600
1998-01-29,985.4900,21.6500
1998-01-30,980.2800,21.4700
1998-02-02,1001.2700,21.3600
1998-02-03,1006.0000,20.6700
1998-02-04,1006.9000,20.5500
1998-02-05,1003.5400,21.2900
1998-02-06,1012.4600,20.5100
1998-02-09,1010.7400,21.5500
1998-02-10,1019.0100,20.6600
1998-02-11,1020.0100,20.3800
1998-02-12,1024.1400,19.7300
1998-02-13,1020.0900,19.8400
1998-02-17,1022.7600,20.7600
1998-02-18,1032.0800,19.6600
1998-02-19,1028.2800,19.8800
1998-02-20,1034.2100,19.0000
1998-02-23,1038.1400,18.9900
1998-02-24,1030.5601,19.3500
1998-02-25,1042.9000,18.6200
1998-02-26,1048.6700,18.6300
1998-02-27,1049.3400,18.5500
1998-03-02,1047.7000,19.1900
1998-03-03,1052.0200,19.0400
1998-03-04,1047.3300,19.5800
1998-03-05,1035.0500,20.9300
1998-03-06,1055.6899,19.1400
1998-03-09,1052.3101,20.2300
1998-03-10,1064.2500,19.4300
1998-03-11,1068.4700,18.8900
1998-03-12,1069.9200,18.2500
1998-03-13,1068.6100,18.7100
1998-03-16,1079.2700,18.5100
1998-03-17,1080.4500,18.6600
1998-03-18,1085.5200,18.2900
1998-03-19,1089.7400,17.7600
1998-03-20,1099.1600,18.6900
1998-03-23,1095.5500,19.9800
1998-03-24,1105.6500,20.5100
1998-03-25,1101.9301,22.5400
1998-03-26,1100.8000,22.8100
1998-03-27,1095.4399,23.4700
1998-03-30,1093.6000,24.6600
1998-03-31,1101.7500,24.2200
1998-04-01,1108.1500,23.3700
1998-04-02,1120.0100,21.9800
1998-04-03,1122.7000,21.8200
1998-04-06,1121.3800,22.4700
1998-04-07,1109.5500,23.6600
1998-04-08,1101.6500,23.1700
1998-04-09,1110.6700,21.5100
1998-04-13,1109.6899,22.7700
1998-04-14,1115.7500,21.6100
1998-04-15,1119.3199,20.8900
1998-04-16,1108.1700,22.0600
1998-04-17,1122.7200,20.7600
1998-04-20,1123.6500,20.3900
1998-04-21,1126.6700,19.9100
1998-04-22,1130.5400,19.4400
1998-04-23,1119.5800,20.6000
1998-04-24,1107.9000,21.9700
1998-04-27,1086.5400,26.0900
1998-04-28,1085.1100,24.1700
1998-04-29,1094.6200,22.7800
1998-04-30,1111.7500,21.1800
1998-05-01,1121.0000,19.3400
1998-05-04,1122.0699,20.3200
1998-05-05,1115.5000,21.4600
1998-05-06,1104.9200,22.7900
1998-05-07,1095.1400,23.3900
1998-05-08,1108.1400,20.5700
1998-05-11,1106.6400,21.0500
1998-05-12,1115.7900,20.9800
1998-05-13,1118.8600,20.4400
1998-05-14,1117.3700,19.6400
1998-05-15,1108.7300,20.4400
1998-05-18,1105.8199,21.6900
1998-05-19,1109.5200,20.3900
1998-05-20,1119.0601,19.8900
1998-05-21,1114.6400,19.3800
1998-05-22,1110.4700,18.9900
1998-05-26,1094.0200,22.0700
1998-05-27,1092.2300,22.5900
1998-05-28,1097.6000,20.7400
1998-05-29,1090.8199,21.3200
1998-06-01,1090.9800,22.8300
1998-06-02,1093.2200,22.0000
1998-06-03,1082.7300,22.8500
1998-06-04,1094.8300,21.2200
1998-06-05,1113.8600,19.7800
1998-06-08,1115.7200,20.5800
1998-06-09,1118.4100,20.5200
1998-06-10,1112.2800,21.4800
1998-06-11,1094.5800,23.5700
1998-06-12,1098.8400,22.7800
1998-06-15,1077.0100,25.9400
1998-06-16,1087.5900,24.8000
1998-06-17,1107.1100,22.8900
1998-06-18,1106.3700,22.4000
1998-06-19,1100.6500,21.9200
1998-06-22,1103.2100,21.9400
1998-06-23,1119.4900,20.1700
1998-06-24,1132.8800,20.0200
1998-06-25,1129.2800,20.2500
1998-06-26,1133.2000,19.3600
1998-06-29,1138.4900,19.5700
1998-06-30,1133.8400,19.7100
1998-07-01,1148.5601,18.0000
1998-07-02,1146.4200,17.6700
1998-07-06,1157.3300,18.6300
1998-07-07,1154.6600,18.6200
1998-07-08,1166.3800,17.8200
1998-07-09,1158.5601,18.1600
1998-07-10,1164.3300,17.9200
1998-07-13,1165.1899,18.2600
1998-07-14,1177.5800,17.8800
1998-07-15,1174.8101,17.8900
1998-07-16,1183.9900,16.9700
1998-07-17,1186.7500,16.2300
1998-07-20,1184.1000,17.3400
1998-07-21,1165.0699,20.1000
1998-07-22,1164.0800,20.3200
1998-07-23,1139.7500,23.0100
1998-07-24,1140.8000,23.0100
1998-07-27,1147.2700,23.1300
1998-07-28,1130.2400,25.2500
1998-07-29,1125.2100,24.7900
1998-07-30,1142.9500,22.6600
1998-07-31,1120.6700,24.8000
1998-08-03,1112.4399,25.9800
1998-08-04,1072.1200,31.0600
1998-08-05,1081.4301,29.8300
1998-08-06,1089.6300,28.2000
1998-08-07,1089.4500,27.0200
1998-08-10,1083.1400,28.7500
1998-08-11,1068.9800,31.9100
1998-08-12,1084.2200,28.5500
1998-08-13,1074.9100,29.9200
1998-08-14,1062.7500,34.3400
1998-08-17,1083.6700,31.8600
1998-08-18,1101.2000,28.4000
1998-08-19,1098.0601,28.6900
1998-08-20,1091.6000,30.0000
1998-08-21,1081.2400,33.1400
1998-08-24,1088.1400,31.8000
1998-08-25,1092.8500,30.3300
1998-08-26,1084.1899,31.1400
1998-08-27,1042.5900,38.5500
1998-08-28,1027.1400,39.6000
1998-08-31,957.2800,44.2800
1998-09-01,994.2600,36.4800
1998-09-02,990.4800,36.7600
1998-09-03,982.2600,41.4300
1998-09-04,973.8900,43.3100
1998-09-08,1023.4600,37.9000
1998-09-09,1006.2000,39.6600
1998-09-10,980.1900,45.2900
1998-09-11,1009.0600,43.7400
1998-09-14,1029.7200,38.5700
1998-09-15,1037.6801,36.5800
1998-09-16,1045.4800,35.9400
1998-09-17,1018.8700,39.2300
1998-09-18,1020.0900,38.6300
1998-09-21,1023.8900,38.5800
1998-09-22,1029.6300,36.6200
1998-09-23,1066.0900,32.4700
1998-09-24,1042.7200,34.6600
1998-09-25,1044.7500,34.5500
1998-09-28,1048.6899,34.8700
1998-09-29,1049.0200,36.0800
1998-09-30,1017.0100,40.9500
1998-10-01,986.3900,43.4800
1998-10-02,1002.6000,40.4700
1998-10-05,988.5600,42.8100
1998-10-06,984.5900,41.2000
1998-10-07,970.6800,43.5100
1998-10-08,959.4400,45.7400
1998-10-09,984.3900,42.2000
1998-10-12,997.7100,40.0700
1998-10-13,994.8000,40.2300
1998-10-14,1005.5300,38.9600
1998-10-15,1047.4900,33.3400
1998-10-16,1056.4200,34.8200
1998-10-19,1062.3900,33.1300
1998-10-20,1063.9301,33.1100
1998-10-21,1069.9200,33.2100
1998-10-22,1078.4800,31.5300
1998-10-23,1070.6700,32.2700
1998-10-26,1072.3199,32.3800
1998-10-27,1065.3400,32.9500
1998-10-28,1068.0900,32.4200
1998-10-29,1085.9301,29.5000
1998-10-30,1098.6700,28.0500
1998-11-02,1111.6000,27.2600
1998-11-03,1110.8400,27.7600
1998-11-04,1118.6700,27.3700
1998-11-05,1133.8500,26.0100
1998-11-06,1141.0100,25.7000
1998-11-09,1130.2000,28.0900
1998-11-10,1128.2600,28.1700
1998-11-11,1120.9700,28.4700
1998-11-12,1117.6899,29.2800
1998-11-13,1125.7200,29.0300
1998-11-16,1135.8700,28.9000
1998-11-17,1139.3199,27.9500
1998-11-18,1144.4800,27.1300
1998-11-19,1152.6100,25.5000
1998-11-20,1163.5500,22.4700
1998-11-23,1188.2100,21.8400
1998-11-24,1182.9900,23.2800
1998-11-25,1186.8700,22.1500
1998-11-27,1192.3300,22.0900
1998-11-30,1163.6300,26.0100
1998-12-01,1175.2800,24.9700
1998-12-02,1171.2500,25.4300
1998-12-03,1150.1400,28.7000
1998-12-04,1176.7400,25.3100
1998-12-07,1187.7000,24.9000
1998-12-08,1181.3800,25.5800
1998-12-09,1183.4900,25.6600
1998-12-10,1165.0200,26.8100
1998-12-11,1166.4600,27.7200
1998-12-14,1141.2000,31.3100
1998-12-15,1162.8300,29.4200
1998-12-16,1161.9399,29.9600
1998-12-17,1179.9800,27.9600
1998-12-18,1188.0300,25.0400
1998-12-21,1202.8400,23.8600
1998-12-22,1203.5699,22.7800
1998-12-23,1228.5400,20.2100
1998-12-24,1226.2700,21.4800
1998-12-28,1225.4900,23.5000
1998-12-29,1241.8101,22.1800
1998-12-30,1231.9301,23.3400
1998-12-31,1229.2300,24.4200
1999-01-04,1228.1000,26.1700
1999-01-05,1244.7800,24.4600
1999-01-06,1272.3400,23.3400
1999-01-07,1269.7300,24.3700
1999-01-08,1275.0900,23.2800
1999-01-11,1263.8800,25.4600
1999-01-12,1239.5100,28.1000
1999-01-13,1234.4000,30.1100
1999-01-14,1212.1899,32.9800
1999-01-15,1243.2600,29.2400
1999-01-19,1252.0000,29.2400
1999-01-20,1256.6200,28.6000
1999-01-21,1235.1600,30.9200
1999-01-22,1225.1899,31.9500
1999-01-25,1233.9800,31.1300
1999-01-26,1252.3101,29.2300
1999-01-27,1243.1700,29.7300
1999-01-28,1265.3700,28.1100
1999-01-29,1279.6400,26.2500
1999-02-01,1273.0000,27.6700
1999-02-02,1261.9900,28.1600
1999-02-03,1272.0699,27.8800
1999-02-04,1248.4900,29.4800
1999-02-05,1239.4000,29.6700
1999-02-08,1243.7700,30.2700
1999-02-09,1216.1400,31.3600
1999-02-10,1223.5500,30.4500
1999-02-11,1254.0400,27.4200
1999-02-12,1230.1300,29.7600
1999-02-16,1241.8700,29.6500
1999-02-17,1224.0300,30.6500
1999-02-18,1237.2800,30.4500
1999-02-19,1239.2200,29.3000
1999-02-22,1272.1400,25.8700
1999-02-23,1271.1801,26.4900
1999-02-24,1253.4100,27.2100
1999-02-25,1245.0200,28.0100
1999-02-26,1238.3300,27.8800
1999-03-01,1236.1600,28.3700
1999-03-02,1225.5000,29.2200
1999-03-03,1227.7000,29.0400
1999-03-04,1246.6400,26.6700
1999-03-05,1275.4700,24.0800
1999-03-08,1282.7300,24.5400
1999-03-09,1279.8400,25.0200
1999-03-10,1286.8400,24.7900
1999-03-11,1297.6801,24.3700
1999-03-12,1294.5900,24.8400
1999-03-15,1307.2600,25.2400
1999-03-16,1306.3800,25.1500
1999-03-17,1297.8199,25.5700
1999-03-18,1316.5500,24.1300
1999-03-19,1299.2900,24.3200
1999-03-22,1297.0100,25.0000
1999-03-23,1262.1400,27.2700
1999-03-24,1268.5900,26.6000
1999-03-25,1289.9900,24.3300
1999-03-26,1282.8000,24.0400
1999-03-29,1310.1700,23.5400
1999-03-30,1300.7500,22.7300
1999-03-31,1286.3700,23.2600
1999-04-01,1293.7200,22.0600
1999-04-05,1321.1200,22.1900
1999-04-06,1317.8900,22.6500
1999-04-07,1326.8900,22.8100
1999-04-08,1343.9800,22.5900
1999-04-09,1348.3500,21.7700
1999-04-12,1358.6300,21.9300
1999-04-13,1349.8199,22.7300
1999-04-14,1328.4399,24.9400
1999-04-15,1322.8500,23.9300
1999-04-16,1319.0000,23.9000
1999-04-19,1289.4800,26.4200
1999-04-20,1306.1700,25.0200
1999-04-21,1336.1200,23.3100
1999-04-22,1358.8199,22.6200
1999-04-23,1356.8500,22.7600
1999-04-26,1360.0400,23.5300
1999-04-27,1362.8000,23.3600
1999-04-28,1350.9100,24.4000
1999-04-29,1342.8300,25.0600
1999-04-30,1335.1801,25.0700
1999-05-03,1354.6300,24.1500
1999-05-04,1332.0000,25.6200
1999-05-05,1347.3101,25.1900
1999-05-06,1332.0500,27.4400
1999-05-07,1345.0000,25.3600
1999-05-10,1340.3000,26.6200
1999-05-11,1355.6100,25.6200
1999-05-12,1364.0000,26.1300
1999-05-13,1367.5601,25.0200
1999-05-14,1337.8000,26.8600
1999-05-17,1339.4900,27.2800
1999-05-18,1333.3199,27.2600
1999-05-19,1344.2300,25.0800
1999-05-20,1338.8300,24.4600
1999-05-21,1330.2900,24.4000
1999-05-24,1306.6500,27.6200
1999-05-25,1284.4000,28.9000
1999-05-26,1304.7600,27.5700
1999-05-27,1281.4100,28.1200
1999-05-28,1301.8400,25.3900
1999-06-01,1294.2600,26.6200
1999-06-02,1294.8101,26.2100
1999-06-03,1299.5400,26.2000
1999-06-04,1327.7500,23.4300
1999-06-07,1334.5200,23.7800
1999-06-08,1317.3300,24.0200
1999-06-09,1318.6400,23.9000
1999-06-10,1302.8199,25.3200
1999-06-11,1293.6400,25.9000
1999-06-14,1294.0000,26.5100
1999-06-15,1301.1600,25.9100
1999-06-16,1330.4100,22.4000
1999-06-17,1339.9000,21.9500
1999-06-18,1342.8400,21.7500
1999-06-21,1349.0000,21.8100
1999-06-22,1335.8800,21.7000
1999-06-23,1333.0601,21.3200
1999-06-24,1315.7800,23.0600
1999-06-25,1315.3101,21.7600
1999-06-28,1331.3500,22.6300
1999-06-29,1351.4500,22.5100
1999-06-30,1372.7100,21.0900
1999-07-01,1380.9600,19.6900
1999-07-02,1391.2200,18.6600
1999-07-06,1388.1200,20.7300
1999-07-07,1395.8600,20.3500
1999-07-08,1394.4200,20.2400
1999-07-09,1403.2800,17.9600
1999-07-12,1399.1000,19.7300
1999-07-13,1393.5601,19.9500
1999-07-14,1398.1700,19.7100
1999-07-15,1409.6200,18.6800
1999-07-16,1418.7800,17.4200
1999-07-19,1407.6500,19.0700
1999-07-20,1377.1000,21.7900
1999-07-21,1379.2900,21.4600
1999-07-22,1360.9700,23.0500
1999-07-23,1356.9399,23.3200
1999-07-26,1347.7600,24.9800
1999-07-27,1362.8400,23.2300
1999-07-28,1365.4000,22.8500
1999-07-29,1341.0300,24.5200
1999-07-30,1328.7200,24.6400
1999-08-02,1328.0500,25.5900
1999-08-03,1322.1801,26.2700
1999-08-04,1305.3300,27.4000
1999-08-05,1313.7100,27.0100
1999-08-06,1300.2900,26.6000
1999-08-09,1297.8000,27.6600
1999-08-10,1281.4301,28.4500
1999-08-11,1301.9301,25.3900
1999-08-12,1298.1600,25.0300
1999-08-13,1327.6801,22.3100
1999-08-16,1330.7700,23.0700
1999-08-17,1344.1600,21.6700
1999-08-18,1332.8400,23.3000
1999-08-19,1323.5900,24.3900
1999-08-20,1336.6100,22.9500
1999-08-23,1360.2200,22.5500
1999-08-24,1363.5000,22.4000
1999-08-25,1381.7900,20.9600
1999-08-26,1362.0100,21.2100
1999-08-27,1348.2700,21.8300
1999-08-30,1324.0200,24.6300
1999-08-31,1320.4100,24.4500
1999-09-01,1331.0699,22.9300
1999-09-02,1319.1100,24.5300
1999-09-03,1357.2400,20.9800
1999-09-07,1350.4500,23.4400
1999-09-08,1344.1500,23.8200
1999-09-09,1347.6600,23.0100
1999-09-10,1351.6600,22.0300
1999-09-13,1344.1300,22.8900
1999-09-14,1336.2900,23.7700
1999-09-15,1317.9700,24.5600
1999-09-16,1318.4800,25.2500
1999-09-17,1335.4200,23.3000
1999-09-20,1335.5300,24.0300
1999-09-21,1307.5800,25.6500
1999-09-22,1310.5100,25.1900
1999-09-23,1280.4100,27.8400
1999-09-24,1277.3600,27.7900
1999-09-27,1283.3101,26.4000
1999-09-28,1282.2000,26.0600
1999-09-29,1268.3700,26.4900
1999-09-30,1282.7100,25.4100
1999-10-01,1282.8101,24.9300
1999-10-04,1304.6000,24.4600
1999-10-05,1301.3500,24.7900
1999-10-06,1325.4000,22.0600
1999-10-07,1317.6400,23.5800
1999-10-08,1336.0200,20.4900
1999-10-11,1335.2100,20.6300
1999-10-12,1313.0400,22.8400
1999-10-13,1285.5500,25.9600
1999-10-14,1283.4200,26.0500
1999-10-15,1247.4100,28.7500
1999-10-18,1254.1300,28.1900
1999-10-19,1261.3199,26.5600
1999-10-20,1289.4301,23.9000
1999-10-21,1283.6100,24.0200
1999-10-22,1301.6500,21.6400
1999-10-25,1293.6300,23.6000
1999-10-26,1281.9100,24.2600
1999-10-27,1296.7100,24.2000
1999-10-28,1342.4399,21.3400
1999-10-29,1362.9301,22.2000
1999-11-01,1354.1200,22.0900
1999-11-02,1347.7400,23.1000
1999-11-03,1354.9301,23.1600
1999-11-04,1362.6400,23.0000
1999-11-05,1370.2300,21.6600
1999-11-08,1377.0100,21.8700
1999-11-09,1365.2800,22.7000
1999-11-10,1373.4600,22.2600
1999-11-11,1381.4600,22.0700
1999-11-12,1396.0601,21.6500
1999-11-15,1394.3900,22.7400
1999-11-16,1420.0699,20.7300
1999-11-17,1410.7100,20.9600
1999-11-18,1424.9399,19.7600
1999-11-19,1422.0000,19.1100
1999-11-22,1420.9399,19.9800
1999-11-23,1404.6400,21.0000
1999-11-24,1417.0800,20.2600
1999-11-26,1416.6200,22.3300
1999-11-29,1407.8300,23.5700
1999-11-30,1388.9100,24.1800
1999-12-01,1397.7200,22.2300
1999-12-02,1409.0400,21.7700
1999-12-03,1433.3000,19.3200
1999-12-06,1423.3300,20.5800
1999-12-07,1409.1700,21.0900
1999-12-08,1403.8800,21.2500
1999-12-09,1408.1100,21.1900
1999-12-10,1417.0400,21.4800
1999-12-13,1415.2200,21.7200
1999-12-14,1403.1700,23.0600
1999-12-15,1413.3300,22.0300
1999-12-16,1418.7800,21.9100
1999-12-17,1421.0300,21.3500
1999-12-20,1418.0900,23.7800
1999-12-21,1433.4301,22.6600
1999-12-22,1436.1300,22.4300
1999-12-23,1458.3400,21.1200
1999-12-27,1457.1000,23.0700
1999-12-28,1457.6600,22.9700
1999-12-29,1463.4600,23.0900
1999-12-30,1464.4700,24.7600
1999-12-31,1469.2500,24.6400
2000-01-03,1455.2200,24.2100
2000-01-04,1399.4200,27.0100
2000-01-05,1402.1100,26.4100
2000-01-06,1403.4500,25.7300
2000-01-07,1441.4700,21.7200
2000-01-10,1457.6000,21.7100
2000-01-11,1438.5601,22.5000
2000-01-12,1432.2500,22.8400
2000-01-13,1449.6801,21.7100
2000-01-14,1465.1500,19.6600
2000-01-18,1455.1400,21.5000
2000-01-19,1455.9000,21.7200
2000-01-20,1445.5699,21.7500
2000-01-21,1441.3600,20.8200
2000-01-24,1401.5300,24.0700
2000-01-25,1410.0300,23.0200
2000-01-26,1404.0900,23.0300
2000-01-27,1398.5601,23.5400
2000-01-28,1360.1600,26.1400
2000-01-31,1394.4600,24.9500
2000-02-01,1409.2800,23.4500
2000-02-02,1409.1200,23.1200
2000-02-03,1424.9700,22.0100
2000-02-04,1424.3700,21.5400
2000-02-07,1424.2400,22.7900
2000-02-08,1441.7200,21.2500
2000-02-09,1411.7100,22.9000
2000-02-10,1416.8300,23.0700
2000-02-11,1387.1200,24.4200
2000-02-14,1389.9399,24.3800
2000-02-15,1402.0500,22.9200
2000-02-16,1387.6700,23.5100
2000-02-17,1388.2600,23.1700
2000-02-18,1346.0900,26.0000
2000-02-22,1352.1700,25.8600
2000-02-23,1360.6899,23.8900
2000-02-24,1353.4301,24.3800
2000-02-25,1333.3600,25.2000
2000-02-28,1348.0500,24.6800
2000-02-29,1366.4200,23.3700
2000-03-01,1379.1899,21.6400
2000-03-02,1381.7600,21.0600
2000-03-03,1409.1700,19.2100
2000-03-06,1391.2800,21.5000
2000-03-07,1355.6200,24.3100
2000-03-08,1366.7000,23.8200
2000-03-09,1401.6899,22.2100
2000-03-10,1395.0699,21.2400
2000-03-13,1383.6200,22.8500
2000-03-14,1359.1500,24.4100
2000-03-15,1392.1400,22.3400
2000-03-16,1458.4700,20.7700
2000-03-17,1464.4700,22.3700
2000-03-20,1456.6300,22.9600
2000-03-21,1493.8700,21.7000
2000-03-22,1500.6400,21.4900
2000-03-23,1527.3500,22.2600
2000-03-24,1527.4600,23.3100
2000-03-27,1523.8600,24.5300
2000-03-28,1507.7300,24.8600
2000-03-29,1508.5200,24.1000
2000-03-30,1487.9200,25.4700
2000-03-31,1498.5800,24.1100
2000-04-03,1505.9700,24.0300
2000-04-04,1494.7300,27.1200
2000-04-05,1487.3700,28.4100
2000-04-06,1501.3400,27.1500
2000-04-07,1516.3500,24.3900
2000-04-10,1504.4600,25.9900
2000-04-11,1500.5900,27.2500
2000-04-12,1467.1700,28.9800
2000-04-13,1440.5100,29.4000
2000-04-14,1356.5601,33.4900
2000-04-17,1401.4399,28.9500
2000-04-18,1441.6100,26.1200
2000-04-19,1427.4700,27.0200
2000-04-20,1434.5400,25.8500
2000-04-24,1429.8600,27.3700
2000-04-25,1477.4399,25.2400
2000-04-26,1460.9900,26.9700
2000-04-27,1464.9200,26.1900
2000-04-28,1452.4301,26.2000
2000-05-01,1468.2500,25.8800
2000-05-02,1446.2900,28.5000
2000-05-03,1415.1000,31.6300
2000-05-04,1409.5699,30.7700
2000-05-05,1432.6300,27.5300
2000-05-08,1424.1700,28.2000
2000-05-09,1412.1400,28.9300
2000-05-10,1383.0500,29.8700
2000-05-11,1407.8101,27.7600
2000-05-12,1420.9600,26.0500
2000-05-15,1452.3600,24.8600
2000-05-16,1466.0400,24.3400
2000-05-17,1447.8000,23.9800
2000-05-18,1437.2100,23.9600
2000-05-19,1406.9500,25.4400
2000-05-22,1400.7200,26.0000
2000-05-23,1373.8600,25.8700
2000-05-24,1399.0500,24.3200
2000-05-25,1381.5200,24.5800
2000-05-26,1378.0200,24.4700
2000-05-30,1422.4500,23.6200
2000-05-31,1420.6000,23.6500
2000-06-01,1448.8101,22.3600
2000-06-02,1477.2600,21.4800
2000-06-05,1467.6300,22.7100
2000-06-06,1457.8400,23.0500
2000-06-07,1471.3600,22.4800
2000-06-08,1461.6700,22.7700
2000-06-09,1456.9500,22.1400
2000-06-12,1446.0000,22.3200
2000-06-13,1469.4399,21.6700
2000-06-14,1470.5400,21.4800
2000-06-15,1478.7300,20.6800
2000-06-16,1464.4600,20.5000
2000-06-19,1486.0000,20.6300
2000-06-20,1475.9500,20.8800
2000-06-21,1479.1300,20.6100
2000-06-22,1452.1801,22.0000
2000-06-23,1441.4800,22.3400
2000-06-26,1455.3101,22.4500
2000-06-27,1450.5500,21.8000
2000-06-28,1454.8199,20.2900
2000-06-29,1442.3900,19.7000
2000-06-30,1454.6000,19.5400
2000-07-03,1469.5400,19.8300
2000-07-05,1446.2300,21.1600
2000-07-06,1456.6700,20.9400
2000-07-07,1478.9000,19.2200
2000-07-10,1475.6200,20.3300
2000-07-11,1480.8800,20.1100
2000-07-12,1492.9200,20.0300
2000-07-13,1495.8400,20.0300
2000-07-14,1509.9800,19.3200
2000-07-17,1510.4900,19.4500
2000-07-18,1493.7400,19.7500
2000-07-19,1481.9600,19.6500
2000-07-20,1495.5699,18.9400
2000-07-21,1480.1899,18.9400
2000-07-24,1464.2900,19.9200
2000-07-25,1474.4700,19.3900
2000-07-26,1452.4200,19.6700
2000-07-27,1449.6200,19.6000
2000-07-28,1419.8900,20.8400
2000-07-31,1430.8300,20.7400
2000-08-01,1438.1000,20.5500
2000-08-02,1438.7000,20.0000
2000-08-03,1452.5601,19.9900
2000-08-04,1462.9301,18.6200
2000-08-07,1479.3199,19.0300
2000-08-08,1482.8000,18.7900
2000-08-09,1472.8700,19.1800
2000-08-10,1460.2500,19.1900
2000-08-11,1471.8400,18.5500
2000-08-14,1491.5601,17.8800
2000-08-15,1484.4301,17.9800
2000-08-16,1479.8500,18.0200
2000-08-17,1496.0699,17.4800
2000-08-18,1491.7200,17.0500
2000-08-21,1499.4800,17.3500
2000-08-22,1498.1300,17.4700
2000-08-23,1505.9700,17.3800
2000-08-24,1508.3101,17.0400
2000-08-25,1506.4500,16.5300
2000-08-28,1514.0900,16.5400
2000-08-29,1509.8400,16.8900
2000-08-30,1502.5900,17.6900
2000-08-31,1517.6801,16.8400
2000-09-01,1520.7700,17.5300
2000-09-05,1507.0800,19.8200
2000-09-06,1492.2500,20.7900
2000-09-07,1502.5100,19.4200
2000-09-08,1494.5000,18.4600
2000-09-11,1489.2600,18.4000
2000-09-12,1481.9900,18.5900
2000-09-13,1484.9100,18.3200
2000-09-14,1480.8700,18.2600
2000-09-15,1465.8101,18.5200
2000-09-18,1444.5100,20.2500
2000-09-19,1459.9000,19.5400
2000-09-20,1451.3400,19.9300
2000-09-21,1449.0500,20.1800
2000-09-22,1448.7200,20.7400
2000-09-25,1439.0300,21.4100
2000-09-26,1427.2100,21.8800
2000-09-27,1426.5699,21.6700
2000-09-28,1458.2900,19.4700
2000-09-29,1436.5100,20.5700
2000-10-02,1436.2300,21.2300
2000-10-03,1426.4600,21.8500
2000-10-04,1434.3199,21.5400
2000-10-05,1436.2800,21.0300
2000-10-06,1408.9900,22.7100
2000-10-09,1402.0300,24.0200
2000-10-10,1387.0200,24.8600
2000-10-11,1364.5900,26.5700
2000-10-12,1329.7800,30.5100
2000-10-13,1374.1700,27.6000
2000-10-16,1374.6200,26.7900
2000-10-17,1349.9700,27.8400
2000-10-18,1342.1300,28.7200
2000-10-19,1388.7600,25.0900
2000-10-20,1396.9301,24.2400
2000-10-23,1395.7800,24.6900
2000-10-24,1398.1300,24.2800
2000-10-25,1364.9000,26.6500
2000-10-26,1364.4399,28.6200
2000-10-27,1379.5800,26.4700
2000-10-30,1398.6600,25.4600
2000-10-31,1429.4000,23.6300
2000-11-01,1421.2200,24.2800
2000-11-02,1428.3199,23.9200
2000-11-03,1426.6899,23.6700
2000-11-06,1432.1899,24.5200
2000-11-07,1431.8700,24.9100
2000-11-08,1409.2800,25.6600
2000-11-09,1400.1400,27.2000
2000-11-10,1365.9800,28.5300
2000-11-13,1351.2600,29.0600
2000-11-14,1382.9500,26.8100
2000-11-15,1389.8101,26.1500
2000-11-16,1372.3199,25.0500
2000-11-17,1367.7200,24.8100
2000-11-20,1342.6200,27.4300
2000-11-21,1347.3500,26.6200
2000-11-22,1322.3600,27.7100
2000-11-24,1341.7700,26.0000
2000-11-27,1348.9700,26.9300
2000-11-28,1336.0900,27.6400
2000-11-29,1341.9301,27.4900
2000-11-30,1314.9500,29.6500
2000-12-01,1315.2300,27.4800
2000-12-04,1324.9700,27.7800
2000-12-05,1376.5400,24.9900
2000-12-06,1351.4600,25.0700
2000-12-07,1343.5500,25.3400
2000-12-08,1369.8900,22.4100
2000-12-11,1380.2000,23.5100
2000-12-12,1371.1801,24.8800
2000-12-13,1359.9900,23.6300
2000-12-14,1340.9301,24.8600
2000-12-15,1312.1500,26.5500
2000-12-18,1322.7400,27.7000
2000-12-19,1305.6000,27.1700
2000-12-20,1264.7400,31.7400
2000-12-21,1274.8600,29.6600
2000-12-22,1305.9500,27.5500
2000-12-26,1315.1899,28.7300
2000-12-27,1328.9200,28.1400
2000-12-28,1334.2200,26.5700
2000-12-29,1320.2800,26.8500
2001-01-02,1283.2700,29.9900
2001-01-03,1347.5601,26.6000
2001-01-04,1333.3400,26.9700
2001-01-05,1298.3500,28.6700
2001-01-08,1295.8600,29.8400
2001-01-09,1300.8000,27.9900
2001-01-10,1313.2700,26.8000
2001-01-11,1326.8199,25.7900
2001-01-12,1318.5500,24.5600
2001-01-16,1326.6500,25.2800
2001-01-17,1329.4700,24.9300
2001-01-18,1347.9700,23.3700
2001-01-19,1342.5400,23.2400
2001-01-22,1342.9000,23.2500
2001-01-23,1360.4000,21.5700
2001-01-24,1364.3000,22.0300
2001-01-25,1357.5100,22.6400
2001-01-26,1354.9500,22.5700
2001-01-29,1364.1700,22.6100
2001-01-30,1373.7300,22.5700
2001-01-31,1366.0100,22.0200
2001-02-01,1373.4700,21.6600
2001-02-02,1349.4700,21.9500
2001-02-05,1354.3101,22.1900
2001-02-06,1352.2600,21.9800
2001-02-07,1340.8900,21.6700
2001-02-08,1332.5300,21.4600
2001-02-09,1314.7600,22.0300
2001-02-12,1330.3101,21.9200
2001-02-13,1318.8000,21.3700
2001-02-14,1315.9200,21.5200
2001-02-15,1326.6100,20.2700
2001-02-16,1301.5300,22.1200
2001-02-20,1278.9399,24.6900
2001-02-21,1255.2700,25.7500
2001-02-22,1252.8199,26.7600
2001-02-23,1245.8600,27.2100
2001-02-26,1267.6500,25.4300
2001-02-27,1257.9399,26.4900
2001-02-28,1239.9399,28.3500
2001-03-01,1241.2300,28.0800
2001-03-02,1234.1801,27.4300
2001-03-05,1241.4100,27.1200
2001-03-06,1253.8000,25.8900
2001-03-07,1261.8900,24.1200
2001-03-08,1264.7400,24.2900
2001-03-09,1233.4200,25.6200
2001-03-12,1180.1600,30.3200
2001-03-13,1197.6600,27.5500
2001-03-14,1166.7100,29.6100
2001-03-15,1173.5601,28.5600
2001-03-16,1150.5300,29.9100
2001-03-19,1170.8101,29.7800
2001-03-20,1142.6200,30.9600
2001-03-21,1122.1400,31.9300
2001-03-22,1117.5800,32.8400
2001-03-23,1139.8300,30.4500
2001-03-26,1152.6899,29.0400
2001-03-27,1182.1700,27.0400
2001-03-28,1153.2900,28.5800
2001-03-29,1147.9500,29.1700
2001-03-30,1160.3300,28.6400
2001-04-02,1145.8700,31.2100
2001-04-03,1106.4600,34.7200
2001-04-04,1103.2500,34.0700
2001-04-05,1151.4399,29.9400
2001-04-06,1128.4301,31.6900
2001-04-09,1137.5900,31.9100
2001-04-10,1168.3800,29.4400
2001-04-11,1165.8900,28.4600
2001-04-12,1183.5000,26.1200
2001-04-16,1179.6801,26.3300
2001-04-17,1191.8101,25.6100
2001-04-18,1238.1600,24.1300
2001-04-19,1253.6899,24.1600
2001-04-20,1242.9800,25.3800
2001-04-23,1224.3600,28.1600
2001-04-24,1209.4700,28.4900
2001-04-25,1228.7500,27.4000
2001-04-26,1234.5200,25.9600
2001-04-27,1253.0500,24.0200
2001-04-30,1249.4600,25.4800
2001-05-01,1266.4399,24.2000
2001-05-02,1267.4301,24.2300
2001-05-03,1248.5800,25.7800
2001-05-04,1266.6100,23.9100
2001-05-07,1263.5100,24.8600
2001-05-08,1261.2000,24.4400
2001-05-09,1255.5400,24.3500
2001-05-10,1255.1801,24.0000
2001-05-11,1245.6700,23.5400
2001-05-14,1248.9200,24.2600
2001-05-15,1249.4399,23.7100
2001-05-16,1284.9900,21.8900
2001-05-17,1288.4900,21.4700
2001-05-18,1291.9600,21.2300
2001-05-21,1312.8300,20.7600
2001-05-22,1309.3800,21.3500
2001-05-23,1289.0500,22.0800
2001-05-24,1293.1700,20.5700
2001-05-25,1277.8900,20.6000
2001-05-29,1267.9301,22.1400
2001-05-30,1248.0800,22.7600
2001-05-31,1255.8199,22.6400
2001-06-01,1260.6700,21.5900
2001-06-04,1267.1100,21.3800
2001-06-05,1283.5699,19.5800
2001-06-06,1270.0300,20.3900
2001-06-07,1276.9600,19.6700
2001-06-08,1264.9600,19.9200
2001-06-11,1254.3900,20.7000
2001-06-12,1255.8500,20.7000
2001-06-13,1241.6000,21.4500
2001-06-14,1219.8700,23.1200
2001-06-15,1214.3600,22.8100
2001-06-18,1208.4301,23.1700
2001-06-19,1212.5800,22.3400
2001-06-20,1223.1400,21.7100
2001-06-21,1237.0400,19.3800
2001-06-22,1225.3500,20.0200
2001-06-25,1218.6000,20.6700
2001-06-26,1216.7600,21.2000
2001-06-27,1211.0699,20.8800
2001-06-28,1226.2000,20.0100
2001-06-29,1224.3800,19.0600
2001-07-02,1236.7200,18.7600
2001-07-03,1234.4500,18.9200
2001-07-05,1219.2400,20.0900
2001-07-06,1190.5900,21.6300
2001-07-09,1198.7800,22.4800
2001-07-10,1181.5200,23.2500
2001-07-11,1180.1801,24.0100
2001-07-12,1208.1400,22.0900
2001-07-13,1215.6801,21.1400
2001-07-16,1202.4500,22.9100
2001-07-17,1214.4399,22.6100
2001-07-18,1207.7100,23.6000
2001-07-19,1215.0200,22.5100
2001-07-20,1210.8500,22.3400
2001-07-23,1191.0300,23.7400
2001-07-24,1171.6500,25.2400
2001-07-25,1190.4900,24.0000
2001-07-26,1202.9301,23.0100
2001-07-27,1205.8199,22.0000
2001-07-30,1204.5200,22.6900
2001-07-31,1211.2300,21.6200
2001-08-01,1215.9301,20.5600
2001-08-02,1220.7500,20.0900
2001-08-03,1214.3500,19.8900
2001-08-06,1200.4800,21.8900
2001-08-07,1204.4000,21.0100
2001-08-08,1183.5300,22.3200
2001-08-09,1183.4301,21.7500
2001-08-10,1190.1600,20.5500
2001-08-13,1191.2900,20.4200
2001-08-14,1186.7300,20.4800
2001-08-15,1178.0200,20.9100
2001-08-16,1181.6600,21.5400
2001-08-17,1161.9700,23.8400
2001-08-20,1171.4100,22.8700
2001-08-21,1157.2600,24.4000
2001-08-22,1165.3101,22.4400
2001-08-23,1162.0900,22.2300
2001-08-24,1184.9301,19.7100
2001-08-27,1179.2100,20.5600
2001-08-28,1161.5100,22.0000
2001-08-29,1148.5601,23.0300
2001-08-30,1129.0300,25.4100
2001-08-31,1133.5800,24.9200
2001-09-04,1132.9399,25.8500
2001-09-05,1131.7400,26.3500
2001-09-06,1106.4000,28.6100
2001-09-07,1085.7800,30.9900
2001-09-10,1092.5400,31.8400
2001-09-17,1038.7700,41.7600
2001-09-18,1032.7400,38.8700
2001-09-19,1016.1000,40.5600
2001-09-20,984.5400,43.7400
2001-09-21,965.8000,42.6600
2001-09-24,1003.4500,37.7500
2001-09-25,1012.2700,35.8100
2001-09-26,1007.0400,35.2600
2001-09-27,1018.6100,34.0000
2001-09-28,1040.9399,31.9300
2001-10-01,1038.5500,32.3200
2001-10-02,1051.3300,31.1800
2001-10-03,1072.2800,31.3400
2001-10-04,1069.6300,31.9700
2001-10-05,1071.3800,33.3900
2001-10-08,1062.4399,35.1200
2001-10-09,1056.7500,34.8300
2001-10-10,1080.9900,31.6000
2001-10-11,1097.4301,31.5000
2001-10-12,1091.6500,35.2700
2001-10-15,1089.9800,35.3100
2001-10-16,1097.5400,32.8800
2001-10-17,1077.0900,35.0800
2001-10-18,1068.6100,34.9500
2001-10-19,1073.4800,34.1100
2001-10-22,1089.9000,32.2500
2001-10-23,1084.7800,32.0000
2001-10-24,1085.2000,30.9500
2001-10-25,1100.0900,29.4600
2001-10-26,1104.6100,28.4200
2001-10-29,1078.3000,31.6400
2001-10-30,1059.7900,33.4600
2001-10-31,1059.7800,33.5600
2001-11-01,1084.1000,32.3100
2001-11-02,1087.2000,30.7100
2001-11-05,1102.8400,30.5000
2001-11-06,1118.8600,28.8000
2001-11-07,1115.8000,29.1300
2001-11-08,1118.5400,28.6200
2001-11-09,1120.3101,27.4400
2001-11-12,1118.3300,29.3500
2001-11-13,1139.0900,26.4700
2001-11-14,1141.2100,26.5600
2001-11-15,1142.2400,25.5600
2001-11-16,1138.6500,25.0700
2001-11-19,1151.0601,24.4600
2001-11-20,1142.6600,24.1200
2001-11-21,1137.0300,24.1900
2001-11-23,1150.3400,23.2500
2001-11-26,1157.4200,23.7900
2001-11-27,1149.5000,24.0000
2001-11-28,1128.5200,25.9000
2001-11-29,1140.2000,25.1800
2001-11-30,1139.4500,23.8400
2001-12-03,1129.9000,25.7700
2001-12-04,1144.8000,24.0800
2001-12-05,1170.3500,23.0200
2001-12-06,1167.1000,23.7100
2001-12-07,1158.3101,23.4900
2001-12-10,1139.9301,25.6200
2001-12-11,1136.7600,25.3000
2001-12-12,1137.0699,24.8700
2001-12-13,1119.3800,25.9100
2001-12-14,1123.0900,24.6300
2001-12-17,1134.3600,24.2600
2001-12-18,1142.9200,23.2900
2001-12-19,1149.5601,22.5800
2001-12-20,1139.9301,23.6700
2001-12-21,1144.8900,22.5000
2001-12-24,1144.6500,22.6200
2001-12-26,1149.3700,22.2900
2001-12-27,1157.1300,21.5900
2001-12-28,1161.0200,21.4000
2001-12-31,1148.0800,23.8000
2002-01-02,1154.6700,22.7100
2002-01-03,1165.2700,21.3400
2002-01-04,1172.5100,20.4500
2002-01-07,1164.8900,21.9400
2002-01-08,1160.7100,21.8300
2002-01-09,1155.1400,22.1300
2002-01-10,1156.5500,22.3600
2002-01-11,1145.6000,22.6000
2002-01-14,1138.4100,23.5800
2002-01-15,1146.1899,22.7000
2002-01-16,1127.5699,23.4500
2002-01-17,1138.8800,22.2500
2002-01-18,1127.5800,22.5200
2002-01-22,1119.3101,23.6100
2002-01-23,1128.1801,21.8800
2002-01-24,1132.1500,21.1500
2002-01-25,1133.2800,21.0100
2002-01-28,1133.0601,21.1400
2002-01-29,1100.6400,24.3500
2002-01-30,1113.5699,23.2200
2002-01-31,1130.2000,21.0900
2002-02-01,1122.2000,21.1200
2002-02-04,1094.4399,24.8700
2002-02-05,1090.0200,25.4500
2002-02-06,1083.5100,26.0900
2002-02-07,1080.1700,25.1100
2002-02-08,1096.2200,23.2600
2002-02-11,1111.9399,21.7800
2002-02-12,1107.5000,21.6200
2002-02-13,1118.5100,20.8500
2002-02-14,1116.4800,21.7700
2002-02-15,1104.1801,22.3700
2002-02-19,1083.3400,24.4300
2002-02-20,1097.9800,22.6600
2002-02-21,1080.9500,23.8000
2002-02-22,1089.8400,22.8600
2002-02-25,1109.4301,21.8400
2002-02-26,1109.3800,21.6800
2002-02-27,1109.8900,21.4900
2002-02-28,1106.7300,21.5900
2002-03-01,1131.7800,19.9600
2002-03-04,1153.8400,20.5000
2002-03-05,1146.1400,20.3000
2002-03-06,1162.7700,19.9400
2002-03-07,1157.5400,20.0400
2002-03-08,1164.3101,19.2700
2002-03-11,1168.2600,19.8400
2002-03-12,1165.5800,19.5900
2002-03-13,1154.0900,19.4600
2002-03-14,1153.0400,19.2000
2002-03-15,1166.1600,18.4200
2002-03-18,1165.5500,18.9300
2002-03-19,1170.2900,18.1600
2002-03-20,1151.8500,18.4600
2002-03-21,1153.5900,18.1500
2002-03-22,1148.7000,17.7700
2002-03-25,1131.8700,18.4800
2002-03-26,1138.4900,18.1300
2002-03-27,1144.5800,17.7000
2002-03-28,1147.3900,17.4000
2002-04-01,1146.5400,18.7300
2002-04-02,1136.7600,19.1600
2002-04-03,1125.4000,20.2000
2002-04-04,1126.3400,19.7800
2002-04-05,1122.7300,19.1300
2002-04-08,1125.2900,19.6100
2002-04-09,1117.8000,19.4700
2002-04-10,1130.4700,18.1900
2002-04-11,1103.6899,20.3000
2002-04-12,1111.0100,19.4200
2002-04-15,1102.5500,19.8200
2002-04-16,1128.3700,18.1100
2002-04-17,1126.0699,18.4300
2002-04-18,1124.4700,19.2900
2002-04-19,1125.1700,18.3000
2002-04-22,1107.8300,19.7700
2002-04-23,1100.9600,20.2800
2002-04-24,1093.1400,20.7700
2002-04-25,1091.4800,20.9500
2002-04-26,1076.3199,22.1400
2002-04-29,1065.4500,24.0500
2002-04-30,1076.9200,21.9100
2002-05-01,1086.4600,20.0600
2002-05-02,1084.5601,20.0700
2002-05-03,1073.4301,20.1900
2002-05-06,1052.6700,22.5600
2002-05-07,1049.4900,21.9400
2002-05-08,1088.8500,20.3900
2002-05-09,1073.0100,21.5600
2002-05-10,1054.9900,22.4100
2002-05-13,1074.5601,20.7200
2002-05-14,1097.2800,19.3500
2002-05-15,1091.0699,19.1900
2002-05-16,1098.2300,18.5000
2002-05-17,1106.5900,17.7000
2002-05-20,1091.8800,19.2400
2002-05-21,1079.8800,20.0500
2002-05-22,1086.0200,19.5800
2002-05-23,1097.0800,18.2300
2002-05-24,1083.8199,18.9000
2002-05-28,1074.5500,20.3100
2002-05-29,1067.6600,20.3900
2002-05-30,1064.6600,20.6100
2002-05-31,1067.1400,19.9800
2002-06-03,1040.6801,23.3700
2002-06-04,1040.6899,23.8900
2002-06-05,1049.9000,22.6100
2002-06-06,1029.1500,24.1600
2002-06-07,1027.5300,23.5100
2002-06-10,1030.7400,23.7200
2002-06-11,1013.6000,24.4500
2002-06-12,1020.2600,24.1500
2002-06-13,1009.5600,25.0200
2002-06-14,1007.2700,25.9600
2002-06-17,1036.1700,24.6400
2002-06-18,1037.1400,24.2400
2002-06-19,1019.9900,26.0600
2002-06-20,1006.2900,27.4800
2002-06-21,989.1400,27.2300
2002-06-24,992.7200,26.9800
2002-06-25,976.1400,27.8400
2002-06-26,973.5300,28.4200
2002-06-27,990.6400,26.2900
2002-06-28,989.8200,25.4000
2002-07-01,968.6500,27.1100
2002-07-02,948.0900,28.9600
2002-07-03,953.9900,29.4200
2002-07-05,989.0300,27.1100
2002-07-08,976.9800,28.2500
2002-07-09,952.8300,30.2200
2002-07-10,920.4700,34.1000
2002-07-11,927.3700,33.8500
2002-07-12,921.3900,32.9400
2002-07-15,917.9300,35.0300
2002-07-16,900.9400,36.6500
2002-07-17,906.0400,35.4500
2002-07-18,881.5600,35.1200
2002-07-19,847.7500,38.1700
2002-07-22,819.8500,41.8700
2002-07-23,797.7000,44.9200
2002-07-24,843.4300,39.8600
2002-07-25,838.6800,39.2700
2002-07-26,852.8400,35.5100
2002-07-29,898.9600,31.3300
2002-07-30,902.7800,31.9200
2002-07-31,911.6200,32.0300
2002-08-01,884.6600,36.9500
2002-08-02,864.2400,41.2900
2002-08-05,834.6000,45.0800
2002-08-06,859.5700,42.0300
2002-08-07,876.7700,38.7300
2002-08-08,905.4600,36.3300
2002-08-09,908.6400,35.3300
2002-08-12,903.8000,37.0500
2002-08-13,884.2100,35.8200
2002-08-14,919.6200,32.3600
2002-08-15,930.2500,29.4300
2002-08-16,928.7700,28.8100
2002-08-19,950.7000,28.6100
2002-08-20,937.4300,29.5900
2002-08-21,949.3600,28.2300
2002-08-22,962.7000,27.7500
2002-08-23,940.8600,29.3200
2002-08-26,947.9500,29.8900
2002-08-27,934.8200,30.1100
2002-08-28,917.8700,33.3200
2002-08-29,917.8000,33.6700
2002-08-30,916.0700,32.6400
2002-09-03,878.0200,39.9700
2002-09-04,893.4000,37.4400
2002-09-05,879.1500,38.8600
2002-09-06,893.9200,36.3300
2002-09-09,902.9600,36.4500
2002-09-10,909.5800,35.0800
2002-09-11,909.4500,34.8100
2002-09-12,886.9100,37.5000
2002-09-13,889.8100,35.8200
2002-09-16,891.1000,36.7400
2002-09-17,873.5200,38.0100
2002-09-18,869.4600,37.5200
2002-09-19,843.3200,40.6500
2002-09-20,845.3900,38.9800
2002-09-23,833.7000,39.6800
2002-09-24,819.2900,40.5200
2002-09-25,839.6600,37.3300
2002-09-26,854.9500,34.6000
2002-09-27,827.3700,36.9700
2002-09-30,815.2800,39.6900
2002-10-01,847.9100,34.1200
2002-10-02,827.9100,36.8300
2002-10-03,818.9500,37.3100
2002-10-04,800.5800,39.4600
2002-10-07,785.2800,42.6400
2002-10-08,798.5500,41.0200
2002-10-09,776.7600,42.1300
2002-10-10,803.9200,37.5500
2002-10-11,835.3200,35.7000
2002-10-14,841.4400,36.0400
2002-10-15,881.2700,34.0200
2002-10-16,860.0200,36.0000
2002-10-17,879.2000,34.1000
2002-10-18,884.3900,33.5300
2002-10-21,899.7200,33.1100
2002-10-22,890.1600,34.0900
2002-10-23,896.1400,33.2000
2002-10-24,882.5000,34.0300
2002-10-25,897.6500,30.0000
2002-10-28,890.2300,31.0700
2002-10-29,882.1500,32.2700
2002-10-30,890.7100,31.2300
2002-10-31,885.7600,31.1400
2002-11-01,900.9600,29.3000
2002-11-04,908.3500,30.8200
2002-11-05,915.3900,31.2300
2002-11-06,923.7600,30.7300
2002-11-07,902.6500,31.4200
2002-11-08,894.7400,29.4100
2002-11-11,876.1900,31.3000
2002-11-12,882.9500,30.5800
2002-11-13,882.5300,31.2400
2002-11-14,904.2700,28.6700
2002-11-15,909.8300,26.6500
2002-11-18,900.3600,27.6600
2002-11-19,896.7400,27.4100
2002-11-20,914.1500,25.3200
2002-11-21,933.7600,23.8100
2002-11-22,930.5500,23.1600
2002-11-25,932.8700,24.0700
2002-11-26,913.3100,25.9700
2002-11-27,938.8700,27.2500
2002-11-29,936.3100,27.5000
2002-12-02,934.5300,27.4600
2002-12-03,920.7500,28.3300
2002-12-04,917.5800,28.9200
2002-12-05,906.5500,30.1000
2002-12-06,912.2300,28.8800
2002-12-09,892.0000,30.7800
2002-12-10,904.4500,28.7600
2002-12-11,904.9600,27.7600
2002-12-12,901.5800,27.2900
2002-12-13,889.4800,28.1800
2002-12-16,910.4000,26.2400
2002-12-17,902.9900,26.6600
2002-12-18,891.1200,28.2900
2002-12-19,884.2500,30.2100
2002-12-20,895.7600,26.7100
2002-12-23,897.3800,26.2000
2002-12-24,892.4700,26.4900
2002-12-26,889.6600,27.3700
2002-12-27,875.4000,29.5500
2002-12-30,879.3900,29.6200
2002-12-31,879.8200,28.6200
2003-01-02,909.0300,25.3900
2003-01-03,908.5900,24.6800
2003-01-06,929.0100,24.9100
2003-01-07,922.9300,25.1300
2003-01-08,909.9300,25.5300
2003-01-09,927.5700,24.2500
2003-01-10,927.5700,24.3200
2003-01-13,926.2600,24.9000
2003-01-14,931.6600,24.5700
2003-01-15,918.2200,25.5100
2003-01-16,914.6000,25.0100
2003-01-17,901.7800,25.7000
2003-01-21,887.6200,27.5900
2003-01-22,878.3600,29.0100
2003-01-23,887.3400,27.5300
2003-01-24,861.4000,31.5100
2003-01-27,847.4800,34.6900
2003-01-28,858.5400,31.9300
2003-01-29,864.3600,31.2600
2003-01-30,844.6100,31.3200
2003-01-31,855.7000,31.1700
2003-02-03,860.3200,31.0200
2003-02-04,848.2000,32.7600
2003-02-05,843.5900,33.0400
2003-02-06,838.1500,33.3500
2003-02-07,829.6900,34.0100
2003-02-10,835.9700,33.9900
2003-02-11,829.2000,33.6800
2003-02-12,818.6800,34.3300
2003-02-13,817.3700,33.7000
2003-02-14,834.8900,32.6200
2003-02-18,851.1700,31.1100
2003-02-19,845.1300,31.3100
2003-02-20,837.1000,31.1600
2003-02-21,848.1700,30.2500
2003-02-24,832.5800,31.9800
2003-02-25,838.5700,31.7400
2003-02-26,827.5500,31.9400
2003-02-27,837.2800,30.5300
2003-02-28,841.1500,29.6300
2003-03-03,834.8100,30.4300
2003-03-04,821.9900,31.8300
2003-03-05,829.8500,30.3800
2003-03-06,822.1000,31.3700
2003-03-07,828.8900,31.0800
2003-03-10,807.4800,33.3100
2003-03-11,800.7300,33.6100
2003-03-12,804.1900,33.5100
2003-03-13,831.9000,31.7600
2003-03-14,833.2700,30.9800
2003-03-17,862.7900,31.7500
2003-03-18,866.4500,30.4300
2003-03-19,874.0200,31.5400
2003-03-20,875.6700,30.4400
2003-03-21,895.7900,28.6700
2003-03-24,864.2300,30.3900
2003-03-25,874.7400,28.7500
2003-03-26,869.9500,28.2300
2003-03-27,868.5200,27.9600
2003-03-28,863.5000,27.7500
2003-03-31,848.1800,29.1500
2003-04-01,858.4800,28.3600
2003-04-02,880.9000,28.0200
2003-04-03,876.4500,28.2100
2003-04-04,878.8500,29.1300
2003-04-07,879.9300,28.4500
2003-04-08,878.2900,27.1300
2003-04-09,865.9900,27.1100
2003-04-10,871.5800,25.6000
2003-04-11,868.3000,24.4400
2003-04-14,885.2300,23.4100
2003-04-15,890.8100,22.5600
2003-04-16,879.9100,22.5200
2003-04-17,893.5800,21.5000
2003-04-21,892.0100,21.9500
2003-04-22,911.3700,20.7000
2003-04-23,919.0200,20.8000
2003-04-24,911.4300,20.3300
2003-04-25,898.8100,20.8000
2003-04-28,914.8400,20.8400
2003-04-29,917.8400,20.7600
2003-04-30,916.9200,21.2100
2003-05-01,916.3000,21.5900
2003-05-02,930.0800,20.6300
2003-05-05,926.5500,21.1300
2003-05-06,934.3900,20.8000
2003-05-07,929.6200,21.0000
2003-05-08,920.2700,21.2400
2003-05-09,933.4100,19.6900
2003-05-12,945.1100,19.5200
2003-05-13,942.3000,19.9100
2003-05-14,939.2800,20.0000
2003-05-15,946.6700,19.2400
2003-05-16,944.3000,18.4000
2003-05-19,920.7700,20.5100
2003-05-20,919.7300,21.2900
2003-05-21,923.4200,21.2100
2003-05-22,931.8700,19.7800
2003-05-23,933.2200,19.1700
2003-05-27,951.4800,19.9900
2003-05-28,953.2200,20.0300
2003-05-29,949.6400,20.4300
2003-05-30,963.5900,19.4700
2003-06-02,967.0000,20.8500
2003-06-03,971.5600,20.8400
2003-06-04,986.2400,20.6200
2003-06-05,990.1400,20.8300
2003-06-06,987.7600,21.2500
2003-06-09,975.9300,22.1500
2003-06-10,984.8400,20.6400
2003-06-11,997.4800,20.2100
2003-06-12,998.5100,20.4100
2003-06-13,988.6100,20.6600
2003-06-16,1010.7400,20.2200
2003-06-17,1011.6600,20.0100
2003-06-18,1010.0900,19.7600
2003-06-19,994.7000,19.8000
2003-06-20,995.6900,19.1400
2003-06-23,981.6400,20.5800
2003-06-24,983.4500,20.7500
2003-06-25,975.3200,20.8100
2003-06-26,985.8200,19.4000
2003-06-27,976.2200,19.1600
2003-06-30,974.5000,19.5200
2003-07-01,982.3200,19.4600
2003-07-02,993.7500,19.0300
2003-07-03,985.7000,19.3900
2003-07-07,1004.4200,20.0600
2003-07-08,1007.8400,19.4800
2003-07-09,1002.2100,18.9300
2003-07-10,988.7000,19.1900
2003-07-11,998.1400,18.4700
2003-07-14,1003.8600,19.5900
2003-07-15,1000.4200,19.5500
2003-07-16,994.0900,19.7600
2003-07-17,981.7300,20.2200
2003-07-18,993.3200,19.1100
2003-07-21,978.8000,19.7800
2003-07-22,988.1100,19.1700
2003-07-23,988.6100,18.6400
2003-07-24,981.6000,18.6000
2003-07-25,998.6800,17.7500
2003-07-28,996.5200,18.3600
2003-07-29,989.2800,18.6700
2003-07-30,987.4900,18.8500
2003-07-31,990.3100,19.4900
2003-08-01,980.1500,20.7500
2003-08-04,982.8200,21.2700
2003-08-05,965.4600,22.6800
2003-08-06,967.0800,21.5000
2003-08-07,974.1200,20.2600
2003-08-08,977.5900,19.5900
2003-08-11,980.5900,19.7500
2003-08-12,990.3500,17.9400
2003-08-13,984.0300,18.7700
2003-08-14,990.5100,18.4700
2003-08-15,990.6700,18.2700
2003-08-18,999.7400,18.1800
2003-08-19,1002.3500,17.8600
2003-08-20,1000.3000,17.8200
2003-08-21,1003.2700,17.8400
2003-08-22,993.0600,18.5500
2003-08-25,993.7100,19.5300
2003-08-26,996.7300,19.4900
2003-08-27,996.7900,19.1300
2003-08-28,1002.8400,18.4800
2003-08-29,1008.0100,18.6300
2003-09-02,1021.9900,19.0200
2003-09-03,1026.2700,19.4400
2003-09-04,1027.9700,18.7100
2003-09-05,1021.3900,18.1700
2003-09-08,1031.6400,18.2600
2003-09-09,1023.1700,18.8500
2003-09-10,1010.9200,20.0100
2003-09-11,1016.4200,19.2500
2003-09-12,1018.6300,18.6800
2003-09-15,1014.8100,19.2800
2003-09-16,1029.3199,18.0300
2003-09-17,1025.9700,18.1500
2003-09-18,1039.5800,17.5700
2003-09-19,1036.3000,17.5400
2003-09-22,1022.8200,19.6500
2003-09-23,1029.0300,19.4700
2003-09-24,1009.3800,21.2200
2003-09-25,1003.2700,22.2600
2003-09-26,996.8500,22.2300
2003-09-29,1006.5800,21.6700
2003-09-30,995.9700,22.7200
2003-10-01,1018.2200,21.0700
2003-10-02,1020.2400,20.8000
2003-10-03,1029.8500,19.5000
2003-10-06,1034.3500,19.5100
2003-10-07,1039.2500,19.4100
2003-10-08,1033.7800,19.1800
2003-10-09,1038.7300,18.8200
2003-10-10,1038.0601,18.4500
2003-10-13,1045.3500,17.5500
2003-10-14,1049.4800,17.3700
2003-10-15,1046.7600,17.6900
2003-10-16,1050.0699,17.1900
2003-10-17,1039.3199,17.6200
2003-10-20,1044.6801,17.0400
2003-10-21,1046.0300,16.5500
2003-10-22,1030.3600,17.6700
2003-10-23,1033.7700,17.6800
2003-10-24,1028.9100,17.7100
2003-10-27,1031.1300,18.0500
2003-10-28,1046.7900,16.8200
2003-10-29,1048.1100,16.4300
2003-10-30,1046.9399,16.3300
2003-10-31,1050.7100,16.1000
2003-11-03,1059.0200,16.5500
2003-11-04,1053.2500,16.5500
2003-11-05,1051.8101,16.8600
2003-11-06,1058.0500,16.7400
2003-11-07,1053.2100,16.9300
2003-11-10,1047.1100,17.6200
2003-11-11,1046.5699,17.5400
2003-11-12,1058.5300,16.7500
2003-11-13,1058.4100,16.4700
2003-11-14,1050.3500,16.9400
2003-11-17,1043.6300,18.6000
2003-11-18,1034.1500,19.1100
2003-11-19,1042.4399,18.8000
2003-11-20,1033.6500,19.4800
2003-11-21,1035.2800,18.9800
2003-11-24,1052.0800,17.4400
2003-11-25,1053.8900,16.7100
2003-11-26,1058.4500,16.2300
2003-11-28,1058.2000,16.3200
2003-12-01,1070.1200,16.7700
2003-12-02,1066.6200,16.2700
2003-12-03,1064.7300,16.6300
2003-12-04,1069.7200,16.3000
2003-12-05,1061.5000,17.0900
2003-12-08,1069.3000,16.5400
2003-12-09,1060.1801,17.6300
2003-12-10,1059.0500,17.8700
2003-12-11,1071.2100,16.7300
2003-12-12,1074.1400,16.4100
2003-12-15,1068.0400,17.2300
2003-12-16,1075.1300,15.9300
2003-12-17,1076.4800,15.5800
2003-12-18,1089.1801,16.1600
2003-12-19,1088.6600,16.4200
2003-12-22,1092.9399,16.9400
2003-12-23,1096.0200,16.4900
2003-12-24,1094.0400,16.6600
2003-12-26,1095.8900,17.4500
2003-12-29,1109.4800,17.0900
2003-12-30,1109.6400,17.6800
2003-12-31,1111.9200,18.3100
2004-01-02,1108.4800,18.2200
2004-01-05,1122.2200,17.4900
2004-01-06,1123.6700,16.7300
2004-01-07,1126.3300,15.5000
2004-01-08,1131.9200,15.6100
2004-01-09,1121.8600,16.7500
2004-01-12,1127.2300,16.8200
2004-01-13,1121.2200,18.0400
2004-01-14,1130.5200,16.7500
2004-01-15,1132.0500,15.5600
2004-01-16,1139.8300,15.0000
2004-01-20,1138.7700,15.2100
2004-01-21,1147.6200,14.3400
2004-01-22,1143.9399,14.7100
2004-01-23,1141.5500,14.8400
2004-01-26,1155.3700,14.5500
2004-01-27,1144.0500,15.3500
2004-01-28,1128.4800,16.7800
2004-01-29,1134.1100,17.1400
2004-01-30,1131.1300,16.6300
2004-02-02,1135.2600,17.1100
2004-02-03,1136.0300,17.3400
2004-02-04,1126.5200,17.8700
2004-02-05,1128.5900,17.7100
2004-02-06,1142.7600,16.0000
2004-02-09,1139.8101,16.3900
2004-02-10,1145.5400,15.9400
2004-02-11,1157.7600,15.3900
2004-02-12,1152.1100,15.3100
2004-02-13,1145.8101,15.5800
2004-02-17,1156.9900,15.4000
2004-02-18,1151.8199,15.5900
2004-02-19,1147.0601,15.8000
2004-02-20,1144.1100,16.0400
2004-02-23,1140.9900,16.2900
2004-02-24,1139.0900,15.9000
2004-02-25,1143.6700,14.9300
2004-02-26,1144.9100,14.8300
2004-02-27,1144.9399,14.5500
2004-03-01,1155.9700,14.4400
2004-03-02,1149.1000,14.8600
2004-03-03,1151.0300,14.5500
2004-03-04,1154.8700,14.4000
2004-03-05,1156.8600,14.4800
2004-03-08,1147.2000,15.7900
2004-03-09,1140.5800,16.6000
2004-03-10,1123.8900,18.6700
2004-03-11,1106.7800,20.6700
2004-03-12,1120.5699,18.3000
2004-03-15,1104.4900,21.1300
2004-03-16,1110.7000,20.3400
2004-03-17,1123.7500,18.1100
2004-03-18,1122.3199,18.5300
2004-03-19,1109.7800,19.1500
2004-03-22,1095.4000,21.5800
2004-03-23,1093.9500,20.6700
2004-03-24,1091.3300,19.8100
2004-03-25,1109.1899,17.8800
2004-03-26,1108.0601,17.3300
2004-03-29,1122.4700,16.5000
2004-03-30,1127.0000,16.2800
2004-03-31,1126.2100,16.7400
2004-04-01,1132.1700,16.6500
2004-04-02,1141.8101,15.6400
2004-04-05,1150.5699,14.9700
2004-04-06,1148.1600,15.3200
2004-04-07,1140.5300,15.7600
2004-04-08,1139.3199,16.2600
2004-04-12,1145.2000,15.2800
2004-04-13,1129.4399,17.2600
2004-04-14,1128.1700,15.6200
2004-04-15,1128.8400,15.7400
2004-04-16,1134.6100,14.9400
2004-04-19,1135.8199,15.4200
2004-04-20,1118.1500,16.6700
2004-04-21,1124.0900,15.6000
2004-04-22,1139.9301,14.6100
2004-04-23,1140.6000,14.0100
2004-04-26,1135.5300,14.7700
2004-04-27,1138.1100,15.0700
2004-04-28,1122.4100,16.2900
2004-04-29,1113.8900,16.6000
2004-04-30,1107.3000,17.1900
2004-05-03,1117.4900,16.6200
2004-05-04,1119.5500,16.5500
2004-05-05,1121.5300,15.7700
2004-05-06,1113.9900,17.0500
2004-05-07,1098.7000,18.1300
2004-05-10,1087.1200,19.7700
2004-05-11,1095.4500,18.5700
2004-05-12,1097.2800,18.1400
2004-05-13,1096.4399,18.8600
2004-05-14,1095.7000,18.4700
2004-05-17,1084.1000,19.9600
2004-05-18,1091.4900,19.3300
2004-05-19,1088.6801,18.9300
2004-05-20,1089.1899,18.6700
2004-05-21,1093.5601,18.4900
2004-05-24,1095.4100,18.0800
2004-05-25,1113.0500,15.9600
2004-05-26,1114.9399,15.9700
2004-05-27,1121.2800,15.2800
2004-05-28,1120.6801,15.5000
2004-06-01,1121.2000,16.3000
2004-06-02,1124.9900,16.0800
2004-06-03,1116.6400,17.0300
2004-06-04,1122.5000,16.7800
2004-06-07,1140.4200,15.3900
2004-06-08,1142.1801,15.0100
2004-06-09,1131.3300,15.3900
2004-06-10,1136.4700,15.0400
2004-06-14,1125.2900,16.0700
2004-06-15,1132.0100,15.0500
2004-06-16,1133.5601,14.7900
2004-06-17,1132.0500,15.1500
2004-06-18,1135.0200,14.9900
2004-06-21,1130.3000,15.2600
2004-06-22,1134.4100,14.3100
2004-06-23,1144.0601,13.9800
2004-06-24,1140.6500,14.8100
2004-06-25,1134.4301,15.1900
2004-06-28,1133.3500,16.0700
2004-06-29,1136.2000,15.4700
2004-06-30,1140.8400,14.3400
2004-07-01,1128.9399,15.2000
2004-07-02,1125.3800,15.0800
2004-07-06,1116.2100,16.2500
2004-07-07,1118.3300,15.8100
2004-07-08,1109.1100,16.2000
2004-07-09,1112.8101,15.7800
2004-07-12,1114.3500,14.9600
2004-07-13,1115.1400,14.4600
2004-07-14,1111.4700,13.7600
2004-07-15,1106.6899,14.7100
2004-07-16,1101.3900,14.3400
2004-07-19,1100.9000,15.1700
2004-07-20,1108.6700,14.1700
2004-07-21,1093.8800,16.4100
2004-07-22,1096.8400,15.7500
2004-07-23,1086.2000,16.5000
2004-07-26,1084.0699,17.3000
2004-07-27,1094.8300,16.5500
2004-07-28,1095.4200,16.1500
2004-07-29,1100.4301,15.6800
2004-07-30,1101.7200,15.3200
2004-08-02,1106.6200,15.3700
2004-08-03,1099.6899,16.0300
2004-08-04,1098.6300,16.2100
2004-08-05,1080.7000,18.3200
2004-08-06,1063.9700,19.3400
2004-08-09,1065.2200,18.8900
2004-08-10,1079.0400,17.4700
2004-08-11,1075.7900,18.0400
2004-08-12,1063.2300,19.0800
2004-08-13,1064.8000,17.9800
2004-08-16,1079.3400,17.5700
2004-08-17,1081.7100,17.0200
2004-08-18,1095.1700,16.2300
2004-08-19,1091.2300,16.9600
2004-08-20,1098.3500,16.0000
2004-08-23,1095.6801,15.8800
2004-08-24,1096.1899,15.3300
2004-08-25,1104.9600,14.9800
2004-08-26,1105.0900,14.9100
2004-08-27,1107.7700,14.7100
2004-08-30,1099.1500,15.4400
2004-08-31,1104.2400,15.2900
2004-09-01,1105.9100,14.9100
2004-09-02,1118.3101,14.2800
2004-09-03,1113.6300,13.9100
2004-09-07,1121.3000,14.0700
2004-09-08,1116.2700,14.0600
2004-09-09,1118.3800,14.0100
2004-09-10,1123.9200,13.7600
2004-09-13,1125.8199,13.1700
2004-09-14,1128.3300,13.5600
2004-09-15,1120.3700,14.6400
2004-09-16,1123.5000,14.3900
2004-09-17,1128.5500,14.0300
2004-09-20,1122.2000,14.4300
2004-09-21,1129.3000,13.6600
2004-09-22,1113.5601,14.7400
2004-09-23,1108.3600,14.8000
2004-09-24,1110.1100,14.2800
2004-09-27,1103.5200,14.6200
2004-09-28,1110.0601,13.8300
2004-09-29,1114.8000,13.2100
2004-09-30,1114.5800,13.3400
2004-10-01,1131.5000,12.7500
2004-10-04,1135.1700,13.4100
2004-10-05,1134.4800,13.9500
2004-10-06,1142.0500,13.2800
2004-10-07,1130.6500,14.5000
2004-10-08,1122.1400,15.0500
2004-10-11,1124.3900,14.7100
2004-10-12,1121.8400,15.0500
2004-10-13,1113.6500,15.4200
2004-10-14,1103.2900,16.4300
2004-10-15,1108.2000,15.0400
2004-10-18,1114.0200,14.7100
2004-10-19,1103.2300,15.1300
2004-10-20,1103.6600,14.8500
2004-10-21,1106.4900,14.5400
2004-10-22,1095.7400,15.2800
2004-10-25,1094.8000,16.5800
2004-10-26,1111.0900,16.3900
2004-10-27,1125.4000,15.7200
2004-10-28,1127.4399,15.3900
2004-10-29,1130.2000,16.2700
2004-11-01,1130.5100,16.2700
2004-11-02,1130.5601,16.1800
2004-11-03,1143.2000,14.0400
2004-11-04,1161.6700,13.9700
2004-11-05,1166.1700,13.8400
2004-11-08,1164.8900,13.8000
2004-11-09,1164.0800,13.6100
2004-11-10,1162.9100,13.0800
2004-11-11,1173.4800,13.0400
2004-11-12,1184.1700,13.3300
2004-11-15,1183.8101,13.3800
2004-11-16,1175.4301,13.2100
2004-11-17,1181.9399,13.2100
2004-11-18,1183.5500,12.9800
2004-11-19,1170.3400,13.5000
2004-11-22,1177.2400,12.9700
2004-11-23,1176.9399,12.6700
2004-11-24,1181.7600,12.7200
2004-11-26,1182.6500,12.7800
2004-11-29,1178.5699,13.3000
2004-11-30,1173.8199,13.2400
2004-12-01,1191.3700,12.9700
2004-12-02,1190.3300,12.9800
2004-12-03,1191.1700,12.9600
2004-12-06,1190.2500,13.1900
2004-12-07,1177.0699,13.6700
2004-12-08,1182.8101,13.1900
2004-12-09,1189.2400,12.8800
2004-12-10,1188.0000,12.7600
2004-12-13,1198.6801,12.5400
2004-12-14,1203.3800,12.7300
2004-12-15,1205.7200,12.3500
2004-12-16,1203.2100,12.2700
2004-12-17,1194.2000,11.9500
2004-12-20,1194.6500,11.8300
2004-12-21,1205.4500,11.5500
2004-12-22,1209.5699,11.4500
2004-12-23,1210.1300,11.2300
2004-12-27,1204.9200,12.1400
2004-12-28,1213.5400,12.0000
2004-12-29,1213.4500,11.6200
2004-12-30,1213.5500,12.5600
2004-12-31,1211.9200,13.2900
2005-01-03,1202.0800,14.0800
2005-01-04,1188.0500,13.9800
2005-01-05,1183.7400,14.0900
2005-01-06,1187.8900,13.5800
2005-01-07,1186.1899,13.4900
2005-01-10,1190.2500,13.2300
2005-01-11,1182.9900,13.1900
2005-01-12,1187.7000,12.5600
2005-01-13,1177.4500,12.8400
2005-01-14,1184.5200,12.4300
2005-01-18,1195.9800,12.4700
2005-01-19,1184.6300,13.1800
2005-01-20,1175.4100,13.8300
2005-01-21,1167.8700,14.3600
2005-01-24,1163.7500,14.6500
2005-01-25,1168.4100,14.0600
2005-01-26,1174.0699,13.4400
2005-01-27,1174.5500,13.2400
2005-01-28,1171.3600,13.2400
2005-01-31,1181.2700,12.8200
2005-02-01,1189.4100,12.0300
2005-02-02,1193.1899,11.6600
2005-02-03,1189.8900,11.7900
2005-02-04,1203.0300,11.2100
2005-02-07,1201.7200,11.7300
2005-02-08,1202.3000,11.6000
2005-02-09,1191.9900,12.0000
2005-02-10,1197.0100,11.5100
2005-02-11,1205.3000,11.4300
2005-02-14,1206.1400,11.5200
2005-02-15,1210.1200,11.2700
2005-02-16,1210.3400,11.1000
2005-02-17,1200.7500,11.7700
2005-02-18,1201.5900,11.1800
2005-02-22,1184.1600,13.1400
2005-02-23,1190.8000,12.3900
2005-02-24,1200.2000,11.5700
2005-02-25,1211.3700,11.4900
2005-02-28,1203.6000,12.0800
2005-03-01,1210.4100,12.0400
2005-03-02,1210.0800,12.5000
2005-03-03,1210.4700,12.9300
2005-03-04,1222.1200,11.9400
2005-03-07,1225.3101,12.2600
2005-03-08,1219.4301,12.4000
2005-03-09,1207.0100,12.7000
2005-03-10,1209.2500,12.4900
2005-03-11,1200.0800,12.8000
2005-03-14,1206.8300,12.3900
2005-03-15,1197.7500,13.1500
2005-03-16,1188.0699,13.4900
2005-03-17,1190.2100,13.2900
2005-03-18,1189.6500,13.1400
2005-03-21,1183.7800,13.6100
2005-03-22,1171.7100,14.2700
2005-03-23,1172.5300,14.0600
2005-03-24,1171.4200,13.4200
2005-03-28,1174.2800,13.7500
2005-03-29,1165.3600,14.4900
2005-03-30,1181.4100,13.6400
2005-03-31,1180.5900,14.0200
2005-04-01,1172.9200,14.0900
2005-04-04,1176.1200,14.1100
2005-04-05,1181.3900,13.6800
2005-04-06,1184.0699,13.1500
2005-04-07,1191.1400,12.3300
2005-04-08,1181.2000,12.6200
2005-04-11,1181.2100,11.9800
2005-04-12,1187.7600,11.3000
2005-04-13,1173.7900,13.3100
2005-04-14,1162.0500,14.5300
2005-04-15,1142.6200,17.7400
2005-04-18,1145.9800,16.5600
2005-04-19,1152.7800,14.9600
2005-04-20,1137.5000,16.9200
2005-04-21,1159.9500,14.4100
2005-04-22,1152.1200,15.3800
2005-04-25,1162.1000,14.6200
2005-04-26,1151.8300,14.9100
2005-04-27,1156.3800,14.8700
2005-04-28,1143.2200,16.8600
2005-04-29,1156.8500,15.3100
2005-05-02,1162.1600,15.1200
2005-05-03,1161.1700,14.5300
2005-05-04,1175.6500,13.8500
2005-05-05,1172.6300,13.9800
2005-05-06,1171.3500,14.0500
2005-05-09,1178.8400,13.7500
2005-05-10,1166.2200,14.9100
2005-05-11,1171.1100,14.4500
2005-05-12,1159.3600,16.1200
2005-05-13,1154.0500,16.3200
2005-05-16,1165.6899,15.6800
2005-05-17,1173.8000,14.5700
2005-05-18,1185.5601,13.6300
2005-05-19,1191.0800,13.3200
2005-05-20,1189.2800,13.1400
2005-05-23,1193.8600,12.9500
2005-05-24,1194.0699,12.6900
2005-05-25,1190.0100,12.5800
2005-05-26,1197.6200,12.2400
2005-05-27,1198.7800,12.1500
2005-05-31,1191.5000,13.2900
2005-06-01,1202.2200,12.3600
2005-06-02,1204.2900,11.8400
2005-06-03,1196.0200,12.1500
2005-06-06,1197.5100,12.2800
2005-06-07,1197.2600,12.3900
2005-06-08,1194.6700,12.7000
2005-06-09,1200.9301,12.0800
2005-06-10,1198.1100,11.9600
2005-06-13,1200.8199,11.6500
2005-06-14,1203.9100,11.7900
2005-06-15,1206.5800,11.4600
2005-06-16,1210.9600,11.1500
2005-06-17,1216.9600,11.4800
2005-06-20,1216.1000,11.4700
2005-06-21,1213.6100,11.0800
2005-06-22,1213.8800,11.0500
2005-06-23,1200.7300,12.1300
2005-06-24,1191.5699,12.1800
2005-06-27,1190.6899,12.5200
2005-06-28,1201.5699,11.5800
2005-06-29,1199.8500,11.7700
2005-06-30,1191.3300,12.0400
2005-07-01,1194.4399,11.4000
2005-07-05,1204.9900,11.6800
2005-07-06,1194.9399,12.2700
2005-07-07,1197.8700,12.4900
2005-07-08,1211.8600,11.4500
2005-07-11,1219.4399,11.2800
2005-07-12,1222.2100,10.9500
2005-07-13,1223.2900,10.8400
2005-07-14,1226.5000,10.8100
2005-07-15,1227.9200,10.3300
2005-07-18,1221.1300,10.7700
2005-07-19,1229.3500,10.4500
2005-07-20,1235.2000,10.2300
2005-07-21,1227.0400,10.9700
2005-07-22,1233.6801,10.5200
2005-07-25,1229.0300,11.1000
2005-07-26,1231.1600,10.9900
2005-07-27,1236.7900,10.3600
2005-07-28,1243.7200,10.5200
2005-07-29,1234.1801,11.5700
2005-08-01,1235.3500,12.0800
2005-08-02,1244.1200,11.7500
2005-08-03,1245.0400,11.8300
2005-08-04,1235.8600,12.5200
2005-08-05,1226.4200,12.4800
2005-08-08,1223.1300,13.2100
2005-08-09,1231.3800,12.4000
2005-08-10,1229.1300,12.3800
2005-08-11,1237.8101,12.4200
2005-08-12,1230.3900,12.7400
2005-08-15,1233.8700,12.2600
2005-08-16,1219.3400,13.5200
2005-08-17,1220.2400,13.3000
2005-08-18,1219.0200,13.4200
2005-08-19,1219.7100,13.4200
2005-08-22,1221.7300,13.4200
2005-08-23,1217.5900,13.3400
2005-08-24,1209.5900,14.1700
2005-08-25,1212.3700,13.7300
2005-08-26,1205.1000,13.7200
2005-08-29,1212.2800,13.5200
2005-08-30,1208.4100,13.6500
2005-08-31,1220.3300,12.6000
2005-09-01,1221.5900,13.1500
2005-09-02,1218.0200,13.5700
2005-09-06,1233.3900,12.9300
2005-09-07,1236.3600,12.5200
2005-09-08,1231.6700,12.9300
2005-09-09,1241.4800,11.9800
2005-09-12,1240.5601,11.6500
2005-09-13,1231.2000,12.3900
2005-09-14,1227.1600,12.9100
2005-09-15,1227.7300,12.4900
2005-09-16,1237.9100,11.2200
2005-09-19,1231.0200,12.1400
2005-09-20,1221.3400,12.6400
2005-09-21,1210.2000,13.7900
2005-09-22,1214.6200,13.3300
2005-09-23,1215.2900,12.9600
2005-09-26,1215.6300,13.0400
2005-09-27,1215.6600,12.7600
2005-09-28,1216.8900,12.6300
2005-09-29,1227.6801,12.2400
2005-09-30,1228.8101,11.9200
2005-10-03,1226.7000,12.4600
2005-10-04,1214.4700,13.2000
2005-10-05,1196.3900,14.5500
2005-10-06,1191.4900,14.9600
2005-10-07,1195.9000,14.5900
2005-10-10,1187.3300,15.5500
2005-10-11,1184.8700,15.6300
2005-10-12,1177.6801,16.2200
2005-10-13,1176.8400,16.4700
2005-10-14,1186.5699,14.8700
2005-10-17,1190.1000,14.6700
2005-10-18,1178.1400,15.3300
2005-10-19,1195.7600,13.5000
2005-10-20,1177.8000,16.1100
2005-10-21,1179.5900,16.1300
2005-10-24,1199.3800,14.7400
2005-10-25,1196.5400,14.5300
2005-10-26,1191.3800,14.5900
2005-10-27,1178.9000,16.0200
2005-10-28,1198.4100,14.2500
2005-10-31,1207.0100,15.3200
2005-11-01,1202.7600,14.8500
2005-11-02,1214.7600,13.4800
2005-11-03,1219.9399,13.0000
2005-11-04,1220.1400,13.1700
2005-11-07,1222.8101,13.1000
2005-11-08,1218.5900,13.0800
2005-11-09,1220.6500,12.8000
2005-11-10,1230.9600,11.9000
2005-11-11,1234.7200,11.6300
2005-11-14,1233.7600,12.1800
2005-11-15,1229.0100,12.2300
2005-11-16,1231.2100,12.2600
2005-11-17,1242.8000,11.2500
2005-11-18,1248.2700,11.1200
2005-11-21,1254.8500,10.8200
2005-11-22,1261.2300,10.6000
2005-11-23,1265.6100,10.9600
2005-11-25,1268.2500,10.8800
2005-11-28,1257.4600,11.8400
2005-11-29,1257.4800,11.8900
2005-11-30,1249.4800,12.0600
2005-12-01,1264.6700,11.2400
2005-12-02,1265.0800,11.0100
2005-12-05,1262.0900,11.6000
2005-12-06,1263.7000,11.5200
2005-12-07,1257.3700,12.1800
2005-12-08,1255.8400,12.2100
2005-12-09,1259.3700,11.6900
2005-12-12,1260.4301,11.4700
2005-12-13,1267.4301,11.1100
2005-12-14,1272.7400,10.4800
2005-12-15,1270.9399,10.7300
2005-12-16,1267.3199,10.6800
2005-12-19,1259.9200,11.3800
2005-12-20,1259.6200,11.1900
2005-12-21,1262.7900,10.8100
2005-12-22,1268.1200,10.2900
2005-12-23,1268.6600,10.2700
2005-12-27,1256.5400,11.5700
2005-12-28,1258.1700,11.3500
2005-12-29,1254.4200,11.6100
2005-12-30,1248.2900,12.0700
2006-01-03,1268.8000,11.1400
2006-01-04,1273.4600,11.3700
2006-01-05,1273.4800,11.3100
2006-01-06,1285.4500,11.0000
2006-01-09,1290.1500,11.1300
2006-01-10,1289.6899,10.8600
2006-01-11,1294.1801,10.9400
2006-01-12,1286.0601,11.2000
2006-01-13,1287.6100,11.2300
2006-01-17,1282.9301,11.9100
2006-01-18,1277.9301,12.2500
2006-01-19,1285.0400,11.9800
2006-01-20,1261.4900,14.5600
2006-01-23,1263.8199,13.9300
2006-01-24,1266.8600,13.3100
2006-01-25,1264.6801,12.8700
2006-01-26,1273.8300,12.4200
2006-01-27,1283.7200,11.9700
2006-01-30,1285.1899,12.3900
2006-01-31,1280.0800,12.9500
2006-02-01,1282.4600,12.3600
2006-02-02,1270.8400,13.2300
2006-02-03,1264.0300,12.9600
2006-02-06,1265.0200,13.0400
2006-02-07,1254.7800,13.5900
2006-02-08,1265.6500,12.8300
2006-02-09,1263.7800,13.1200
2006-02-10,1266.9900,12.8700
2006-02-13,1262.8600,13.3500
2006-02-14,1275.5300,12.2500
2006-02-15,1280.0000,12.3100
2006-02-16,1289.3800,11.4800
2006-02-17,1287.2400,12.0100
2006-02-21,1283.0300,12.4100
2006-02-22,1292.6700,11.8800
2006-02-23,1287.7900,11.8700
2006-02-24,1289.4301,11.4600
2006-02-27,1294.1200,11.5900
2006-02-28,1280.6600,12.3400
2006-03-01,1291.2400,11.5400
2006-03-02,1289.1400,11.7200
2006-03-03,1287.2300,11.9600
2006-03-06,1278.2600,12.7400
2006-03-07,1275.8800,12.6600
2006-03-08,1278.4700,12.3200
2006-03-09,1272.2300,12.6800
2006-03-10,1281.4200,11.8500
2006-03-13,1284.1300,11.3700
2006-03-14,1297.4800,10.7400
2006-03-15,1303.0200,11.3500
2006-03-16,1305.3300,11.9800
2006-03-17,1307.2500,12.1200
2006-03-20,1305.0800,11.7900
2006-03-21,1297.2300,11.6200
2006-03-22,1305.0400,11.2100
2006-03-23,1301.6700,11.1700
2006-03-24,1302.9500,11.1900
2006-03-27,1301.6100,11.4600
2006-03-28,1293.2300,11.5800
2006-03-29,1302.8900,10.9500
2006-03-30,1300.2500,11.5700
2006-03-31,1294.8700,11.3900
2006-04-03,1297.8101,11.5700
2006-04-04,1305.9301,11.1400
2006-04-05,1311.5601,11.1300
2006-04-06,1309.0400,11.4500
2006-04-07,1295.5000,12.2600
2006-04-10,1296.6200,12.1900
2006-04-11,1286.5699,13.0000
2006-04-12,1288.1200,12.7600
2006-04-13,1289.1200,12.3800
2006-04-17,1285.3300,12.5800
2006-04-18,1307.2800,11.4000
2006-04-19,1309.9301,11.3200
2006-04-20,1311.4600,11.6400
2006-04-21,1311.2800,11.5900
2006-04-24,1308.1100,11.7500
2006-04-25,1301.7400,11.7500
2006-04-26,1305.4100,11.7600
2006-04-27,1309.7200,11.8400
2006-04-28,1310.6100,11.5900
2006-05-01,1305.1899,12.5400
2006-05-02,1313.2100,11.9900
2006-05-03,1308.1200,11.9900
2006-05-04,1312.2500,11.8600
2006-05-05,1325.7600,11.6200
2006-05-08,1324.6600,12.0000
2006-05-09,1325.1400,11.9900
2006-05-10,1322.8500,11.7800
2006-05-11,1305.9200,12.4900
2006-05-12,1291.2400,14.1900
2006-05-15,1294.5000,13.5700
2006-05-16,1292.0800,13.3500
2006-05-17,1270.3199,16.2600
2006-05-18,1261.8101,16.9900
2006-05-19,1267.0300,17.1800
2006-05-22,1262.0699,17.7200
2006-05-23,1256.5800,18.2600
2006-05-24,1258.5699,17.3600
2006-05-25,1272.8800,15.5000
2006-05-26,1280.1600,14.2600
2006-05-30,1259.8700,18.6600
2006-05-31,1270.0900,16.4400
2006-06-01,1285.7100,14.5200
2006-06-02,1288.2200,14.3200
2006-06-05,1265.2900,16.6500
2006-06-06,1263.8500,17.3400
2006-06-07,1256.1500,17.8000
2006-06-08,1257.9301,18.3500
2006-06-09,1252.3000,18.1200
2006-06-12,1237.4399,20.9600
2006-06-13,1223.6899,23.8100
2006-06-14,1230.0400,21.4600
2006-06-15,1256.1600,15.9000
2006-06-16,1251.5400,17.2500
2006-06-19,1240.1300,17.8300
2006-06-20,1240.1200,16.6900
2006-06-21,1252.2000,15.5200
2006-06-22,1245.6000,15.8800
2006-06-23,1244.5000,15.8900
2006-06-26,1250.5601,15.6200
2006-06-27,1239.2000,16.4000
2006-06-28,1246.0000,15.7900
2006-06-29,1272.8700,13.0300
2006-06-30,1270.2000,13.0800
2006-07-03,1280.1899,13.0500
2006-07-05,1270.9100,14.1500
2006-07-06,1274.0800,13.6500
2006-07-07,1265.4800,13.9700
2006-07-10,1267.3400,14.0200
2006-07-11,1272.4301,13.1400
2006-07-12,1258.6000,14.4900
2006-07-13,1242.2800,17.7900
2006-07-14,1236.2000,18.0500
2006-07-17,1234.4900,18.6400
2006-07-18,1236.8600,17.7400
2006-07-19,1259.8101,15.5500
2006-07-20,1249.1300,16.2100
2006-07-21,1240.2900,17.4000
2006-07-24,1260.9100,14.9800
2006-07-25,1268.8800,14.8500
2006-07-26,1268.4000,14.6200
2006-07-27,1263.2000,14.9400
2006-07-28,1278.5500,14.3300
2006-07-31,1276.6600,14.9500
2006-08-01,1270.9200,15.0500
2006-08-02,1277.4100,14.3400
2006-08-03,1280.2700,14.4600
2006-08-04,1279.3600,14.3400
2006-08-07,1275.7700,15.2300
2006-08-08,1271.4800,15.2300
2006-08-09,1265.9500,15.2000
2006-08-10,1271.8101,14.4600
2006-08-11,1266.7400,14.3000
2006-08-14,1268.2100,14.2600
2006-08-15,1285.5800,13.4200
2006-08-16,1295.4301,12.4100
2006-08-17,1297.4800,12.2400
2006-08-18,1302.3000,11.6400
2006-08-21,1297.5200,12.2200
2006-08-22,1298.8199,12.1900
2006-08-23,1292.9900,12.4000
2006-08-24,1296.0601,12.4000
2006-08-25,1295.0900,12.3100
2006-08-28,1301.7800,12.1800
2006-08-29,1304.2800,12.2800
2006-08-30,1305.3700,12.2200
2006-08-31,1303.8199,12.3100
2006-09-01,1311.0100,11.9600
2006-09-05,1313.2500,12.6300
2006-09-06,1300.2600,13.7400
2006-09-07,1294.0200,13.8800
2006-09-08,1298.9200,13.1600
2006-09-11,1299.5400,12.9900
2006-09-12,1313.0000,11.9200
2006-09-13,1318.0699,11.1800
2006-09-14,1316.2800,11.5500
2006-09-15,1319.6600,11.7600
2006-09-18,1321.1801,11.7800
2006-09-19,1317.6400,11.9800
2006-09-20,1325.1801,11.3900
2006-09-21,1318.0300,12.2500
2006-09-22,1314.7800,12.5900
2006-09-25,1326.3700,12.1200
2006-09-26,1336.3500,11.5300
2006-09-27,1336.5900,11.5800
2006-09-28,1338.8800,11.7200
2006-09-29,1335.8500,11.9800
2006-10-02,1331.3199,12.5700
2006-10-03,1334.1100,12.2400
2006-10-04,1350.2000,11.8600
2006-10-05,1353.2200,11.9800
2006-10-06,1349.5900,11.5600
2006-10-09,1350.6600,11.6800
2006-10-10,1353.4200,11.5200
2006-10-11,1349.9500,11.6200
2006-10-12,1362.8300,11.0900
2006-10-13,1365.6200,10.7500
2006-10-16,1369.0601,11.0900
2006-10-17,1364.0500,11.7300
2006-10-18,1365.8000,11.3400
2006-10-19,1366.9600,10.9000
2006-10-20,1368.6000,10.6300
2006-10-23,1377.0200,11.0800
2006-10-24,1377.3800,10.7800
2006-10-25,1382.2200,10.6600
2006-10-26,1389.0800,10.5600
2006-10-27,1377.3400,10.8000
2006-10-30,1377.9301,11.2000
2006-10-31,1377.9399,11.1000
2006-11-01,1367.8101,11.5100
2006-11-02,1367.3400,11.4200
2006-11-03,1364.3000,11.1600
2006-11-06,1379.7800,11.1600
2006-11-07,1382.8400,11.0900
2006-11-08,1385.7200,10.7500
2006-11-09,1378.3300,11.0100
2006-11-10,1380.9000,10.7900
2006-11-13,1384.4200,10.8600
2006-11-14,1393.2200,10.5000
2006-11-15,1396.5699,10.3100
2006-11-16,1399.7600,10.1600
2006-11-17,1401.2000,10.0500
2006-11-20,1400.5000,9.9700
2006-11-21,1402.8101,9.9000
2006-11-22,1406.0900,10.1400
2006-11-24,1400.9500,10.7300
2006-11-27,1381.9600,12.3000
2006-11-28,1386.7200,11.6200
2006-11-29,1399.4800,10.8300
2006-11-30,1400.6300,10.9100
2006-12-01,1396.7100,11.6600
2006-12-04,1409.1200,11.2300
2006-12-05,1414.7600,11.2700
2006-12-06,1412.9000,11.3300
2006-12-07,1407.2900,12.6700
2006-12-08,1409.8400,12.0700
2006-12-11,1413.0400,10.7100
2006-12-12,1411.5601,10.6500
2006-12-13,1413.2100,10.1800
2006-12-14,1425.4900,9.9700
2006-12-15,1427.0900,10.0500
2006-12-18,1422.4800,10.6000
2006-12-19,1425.5500,10.3000
2006-12-20,1423.5300,10.2600
2006-12-21,1418.3000,10.5300
2006-12-22,1410.7600,11.3600
2006-12-26,1416.9000,11.2600
2006-12-27,1426.8400,10.6400
2006-12-28,1424.7300,10.9900
2006-12-29,1418.3000,11.5600
2007-01-03,1416.6000,12.0400
2007-01-04,1418.3400,11.5100
2007-01-05,1409.7100,12.1400
2007-01-08,1412.8400,12.0000
2007-01-09,1412.1100,11.9100
2007-01-10,1414.8500,11.4700
2007-01-11,1423.8199,10.8700
2007-01-12,1430.7300,10.1500
2007-01-16,1431.9000,10.7400
2007-01-17,1430.6200,10.5900
2007-01-18,1426.3700,10.8500
2007-01-19,1430.5000,10.4000
2007-01-22,1422.9500,10.7700
2007-01-23,1427.9900,10.3400
2007-01-24,1440.1300,9.8900
2007-01-25,1423.9000,11.2200
2007-01-26,1422.1801,11.1300
2007-01-29,1420.6200,11.4500
2007-01-30,1428.8199,10.9600
2007-01-31,1438.2400,10.4200
2007-02-01,1445.9399,10.3100
2007-02-02,1448.3900,10.0800
2007-02-05,1446.9900,10.5500
2007-02-06,1448.0000,10.6500
2007-02-07,1450.0200,10.3200
2007-02-08,1448.3101,10.4400
2007-02-09,1438.0601,11.1000
2007-02-12,1433.3700,11.6100
2007-02-13,1444.2600,10.3400
2007-02-14,1455.3000,10.2300
2007-02-15,1456.8101,10.2200
2007-02-16,1455.5400,10.0200
2007-02-20,1459.6801,10.2400
2007-02-21,1457.6300,10.2000
2007-02-22,1456.3800,10.1800
2007-02-23,1451.1899,10.5800
2007-02-26,1449.3700,11.1500
2007-02-27,1399.0400,18.3100
2007-02-28,1406.8199,15.4200
2007-03-01,1403.1700,15.8200
2007-03-02,1387.1700,18.6100
2007-03-05,1374.1200,19.6300
2007-03-06,1395.4100,15.9600
2007-03-07,1391.9700,15.2400
2007-03-08,1401.8900,14.2900
2007-03-09,1402.8400,14.0900
2007-03-12,1406.6000,13.9900
2007-03-13,1377.9500,18.1300
2007-03-14,1387.1700,17.2700
2007-03-15,1392.2800,16.4300
2007-03-16,1386.9500,16.7900
2007-03-19,1402.0601,14.5900
2007-03-20,1410.9399,13.2700
2007-03-21,1435.0400,12.1900
2007-03-22,1434.5400,12.9300
2007-03-23,1436.1100,12.9500
2007-03-26,1437.5000,13.1600
2007-03-27,1428.6100,13.4800
2007-03-28,1417.2300,14.9800
2007-03-29,1422.5300,15.1400
2007-03-30,1420.8600,14.6400
2007-04-02,1424.5500,14.5300
2007-04-03,1437.7700,13.4600
2007-04-04,1439.3700,13.2400
2007-04-05,1443.7600,13.2300
2007-04-09,1444.6100,13.1400
2007-04-10,1448.3900,12.6800
2007-04-11,1438.8700,13.4900
2007-04-12,1447.8000,12.7100
2007-04-13,1452.8500,12.2000
2007-04-16,1468.3300,11.9800
2007-04-17,1471.4800,12.1400
2007-04-18,1472.5000,12.4200
2007-04-19,1470.7300,12.5400
2007-04-20,1484.3500,12.0700
2007-04-23,1480.9301,13.0400
2007-04-24,1480.4100,13.1200
2007-04-25,1495.4200,13.2100
2007-04-26,1494.2500,12.7900
2007-04-27,1494.0699,12.4500
2007-04-30,1482.3700,14.2200
2007-05-01,1486.3000,13.5100
2007-05-02,1495.9200,13.0800
2007-05-03,1502.3900,13.0900
2007-05-04,1505.6200,12.9100
2007-05-07,1509.4800,13.1500
2007-05-08,1507.7200,13.2100
2007-05-09,1512.5800,12.8800
2007-05-10,1491.4700,13.6000
2007-05-11,1505.8500,12.9500
2007-05-14,1503.1500,13.9600
2007-05-15,1501.1899,14.0100
2007-05-16,1514.1400,13.5000
2007-05-17,1512.7500,13.5100
2007-05-18,1522.7500,12.7600
2007-05-21,1525.1000,13.3000
2007-05-22,1524.1200,13.0600
2007-05-23,1522.2800,13.2400
2007-05-24,1507.5100,14.0800
2007-05-25,1515.7300,13.3400
2007-05-29,1518.1100,13.5300
2007-05-30,1530.2300,12.8300
2007-05-31,1530.6200,13.0500
2007-06-01,1536.3400,12.7800
2007-06-04,1539.1801,13.2900
2007-06-05,1530.9500,13.6300
2007-06-06,1517.3800,14.8700
2007-06-07,1490.7200,17.0600
2007-06-08,1507.6700,14.8400
2007-06-11,1509.1200,14.7100
2007-06-12,1493.0000,16.6700
2007-06-13,1515.6700,14.7300
2007-06-14,1522.9700,13.6400
2007-06-15,1532.9100,13.9400
2007-06-18,1531.0500,13.4200
2007-06-19,1533.7000,12.8500
2007-06-20,1512.8400,14.6700
2007-06-21,1522.1899,14.2100
2007-06-22,1502.5601,15.7500
2007-06-25,1497.7400,16.6500
2007-06-26,1492.8900,18.8900
2007-06-27,1506.3400,15.5300
2007-06-28,1505.7100,15.5400
2007-06-29,1503.3500,16.2300
2007-07-02,1519.4301,15.4000
2007-07-03,1524.8700,14.9200
2007-07-05,1525.4000,15.4800
2007-07-06,1530.4399,14.7200
2007-07-09,1531.8500,15.1600
2007-07-10,1510.1200,17.5700
2007-07-11,1518.7600,16.6400
2007-07-12,1547.7000,15.5400
2007-07-13,1552.5000,15.1500
2007-07-16,1549.5200,15.5900
2007-07-17,1549.3700,15.6300
2007-07-18,1546.1700,16.0000
2007-07-19,1553.0800,15.2300
2007-07-20,1534.1000,16.9500
2007-07-23,1541.5699,16.8100
2007-07-24,1511.0400,18.5500
2007-07-25,1518.0900,18.1000
2007-07-26,1482.6600,20.7400
2007-07-27,1458.9500,24.1700
2007-07-30,1473.9100,20.8700
2007-07-31,1455.2700,23.5200
2007-08-01,1465.8101,23.6700
2007-08-02,1472.2000,21.2200
2007-08-03,1433.0601,25.1600
2007-08-06,1467.6700,22.9400
2007-08-07,1476.7100,21.5600
2007-08-08,1497.4900,21.4500
2007-08-09,1453.0900,26.4800
2007-08-10,1453.6400,28.3000
2007-08-13,1452.9200,26.5700
2007-08-14,1426.5400,27.6800
2007-08-15,1406.7000,30.6700
2007-08-16,1411.2700,30.8300
2007-08-17,1445.9399,29.9900
2007-08-20,1445.5500,26.3300
2007-08-21,1447.1200,25.2500
2007-08-22,1464.0699,22.8900
2007-08-23,1462.5000,22.6200
2007-08-24,1479.3700,20.7200
2007-08-27,1466.7900,22.7200
2007-08-28,1432.3600,26.3000
2007-08-29,1463.7600,23.8100
2007-08-30,1457.6400,25.0600
2007-08-31,1473.9900,23.3800
2007-09-04,1489.4200,22.7800
2007-09-05,1472.2900,24.5800
2007-09-06,1478.5500,23.9900
2007-09-07,1453.5500,26.2300
2007-09-10,1451.7000,27.3800
2007-09-11,1471.4900,25.2700
2007-09-12,1471.5601,24.9600
2007-09-13,1483.9500,24.7600
2007-09-14,1484.2500,24.9200
2007-09-17,1476.6500,26.4800
2007-09-18,1519.7800,20.3500
2007-09-19,1529.0300,20.0300
2007-09-20,1518.7500,20.4500
2007-09-21,1525.7500,19.0000
2007-09-24,1517.7300,19.3700
2007-09-25,1517.2100,18.6000
2007-09-26,1525.4200,17.6300
2007-09-27,1531.3800,17.0000
2007-09-28,1526.7500,18.0000
2007-10-01,1547.0400,17.8400
2007-10-02,1546.6300,18.4900
2007-10-03,1539.5900,18.8000
2007-10-04,1542.8400,18.4400
2007-10-05,1557.5900,16.9100
2007-10-08,1552.5800,17.4600
2007-10-09,1565.1500,16.1200
2007-10-10,1562.4700,16.6700
2007-10-11,1554.4100,18.8800
2007-10-12,1561.8000,17.7300
2007-10-15,1548.7100,19.2500
2007-10-16,1538.5300,20.0200
2007-10-17,1541.2400,18.5400
2007-10-18,1540.0800,18.5000
2007-10-19,1500.6300,22.9600
2007-10-22,1506.3300,21.6400
2007-10-23,1519.5900,20.4100
2007-10-24,1515.8800,20.8000
2007-10-25,1514.4000,21.1700
2007-10-26,1535.2800,19.5600
2007-10-29,1540.9800,19.8700
2007-10-30,1531.0200,21.0700
2007-10-31,1549.3800,18.5300
2007-11-01,1508.4399,23.2100
2007-11-02,1509.6500,23.0100
2007-11-05,1502.1700,24.3100
2007-11-06,1520.2700,21.3900
2007-11-07,1475.6200,26.4900
2007-11-08,1474.7700,26.1600
2007-11-09,1453.7000,28.5000
2007-11-12,1439.1801,31.0900
2007-11-13,1481.0500,24.1000
2007-11-14,1470.5800,25.9400
2007-11-15,1451.1500,28.0600
2007-11-16,1458.7400,25.4900
2007-11-19,1433.2700,26.0100
2007-11-20,1439.7000,24.8800
2007-11-21,1416.7700,26.8400
2007-11-23,1440.7000,25.6100
2007-11-26,1407.2200,28.9100
2007-11-27,1428.2300,26.2800
2007-11-28,1469.0200,24.1100
2007-11-29,1469.7200,23.9700
2007-11-30,1481.1400,22.8700
2007-12-03,1472.4200,23.6100
2007-12-04,1462.7900,23.7900
2007-12-05,1485.0100,22.5300
2007-12-06,1507.3400,20.9600
2007-12-07,1504.6600,20.8500
2007-12-10,1515.9600,20.7400
2007-12-11,1477.6500,23.5900
2007-12-12,1486.5900,22.4700
2007-12-13,1488.4100,22.5600
2007-12-14,1467.9500,23.2700
2007-12-17,1445.9000,24.5200
2007-12-18,1454.9800,22.6400
2007-12-19,1453.0000,21.6800
2007-12-20,1460.1200,20.5800
2007-12-21,1484.4600,18.4700
2007-12-24,1496.4500,18.6000
2007-12-26,1497.6600,18.6600
2007-12-27,1476.2700,20.2600
2007-12-28,1478.4900,20.7400
2007-12-31,1468.3600,22.5000
2008-01-02,1447.1600,23.1700
2008-01-03,1447.1600,22.4900
2008-01-04,1411.6300,23.9400
2008-01-07,1416.1801,23.7900
2008-01-08,1390.1899,25.4300
2008-01-09,1409.1300,24.1200
2008-01-10,1420.3300,23.4500
2008-01-11,1401.0200,23.6800
2008-01-14,1416.2500,22.9000
2008-01-15,1380.9500,23.3400
2008-01-16,1373.2000,24.3800
2008-01-17,1333.2500,28.4600
2008-01-18,1325.1899,27.1800
2008-01-22,1310.5000,31.0100
2008-01-23,1338.6000,29.0200
2008-01-24,1352.0699,27.7800
2008-01-25,1330.6100,29.0800
2008-01-28,1353.9600,27.7800
2008-01-29,1362.3000,27.3200
2008-01-30,1355.8101,27.6200
2008-01-31,1378.5500,26.2000
2008-02-01,1395.4200,24.0200
2008-02-04,1380.8199,25.9900
2008-02-05,1336.6400,28.2400
2008-02-06,1326.4500,28.9700
2008-02-07,1336.9100,27.6600
2008-02-08,1331.2900,28.0100
2008-02-11,1339.1300,27.6000
2008-02-12,1348.8600,26.3300
2008-02-13,1367.2100,24.8800
2008-02-14,1348.8600,25.5400
2008-02-15,1349.9900,25.0200
2008-02-19,1348.7800,25.5900
2008-02-20,1360.0300,24.4000
2008-02-21,1342.5300,25.1200
2008-02-22,1353.1100,24.0600
2008-02-25,1371.8000,23.0300
2008-02-26,1381.2900,21.9000
2008-02-27,1380.0200,22.6900
2008-02-28,1367.6801,23.5300
2008-02-29,1330.6300,26.5400
2008-03-03,1331.3400,26.2800
2008-03-04,1326.7500,25.5200
2008-03-05,1333.7000,24.6000
2008-03-06,1304.3400,27.5500
2008-03-07,1293.3700,27.4900
2008-03-10,1273.3700,29.3800
2008-03-11,1320.6500,26.3600
2008-03-12,1308.7700,27.2200
2008-03-13,1315.4800,27.2900
2008-03-14,1288.1400,31.1600
2008-03-17,1276.6000,32.2400
2008-03-18,1330.7400,25.7900
2008-03-19,1298.4200,29.8400
2008-03-20,1329.5100,26.6200
2008-03-24,1349.8800,25.7300
2008-03-25,1352.9900,25.7200
2008-03-26,1341.1300,26.0800
2008-03-27,1325.7600,25.8800
2008-03-28,1315.2200,25.7100
2008-03-31,1322.7000,25.6100
2008-04-01,1370.1801,22.6800
2008-04-02,1367.5300,23.4300
2008-04-03,1369.3101,23.2100
2008-04-04,1370.4000,22.4500
2008-04-07,1372.5400,22.4200
2008-04-08,1365.5400,22.3600
2008-04-09,1354.4900,22.8100
2008-04-10,1360.5500,21.9800
2008-04-11,1332.8300,23.4600
2008-04-14,1328.3199,23.8200
2008-04-15,1334.4301,22.7800
2008-04-16,1364.7100,20.5300
2008-04-17,1365.5601,20.3700
2008-04-18,1390.3300,20.1300
2008-04-21,1388.1700,20.5000
2008-04-22,1375.9399,20.8700
2008-04-23,1379.9301,20.2600
2008-04-24,1388.8199,20.0600
2008-04-25,1397.8400,19.5900
2008-04-28,1396.3700,19.6400
2008-04-29,1390.9399,20.2400
2008-04-30,1385.5900,20.7900
2008-05-01,1409.3400,18.8800
2008-05-02,1413.9000,18.1800
2008-05-05,1407.4900,18.9000
2008-05-06,1418.2600,18.2100
2008-05-07,1392.5699,19.7300
2008-05-08,1397.6801,19.4000
2008-05-09,1388.2800,19.4100
2008-05-12,1403.5800,17.7900
2008-05-13,1403.0400,17.9800
2008-05-14,1408.6600,17.6600
2008-05-15,1423.5699,16.3000
2008-05-16,1425.3500,16.4700
2008-05-19,1426.6300,17.0100
2008-05-20,1413.4000,17.5800
2008-05-21,1390.7100,18.5900
2008-05-22,1394.3500,18.0500
2008-05-23,1375.9301,19.5500
2008-05-27,1385.3500,19.6400
2008-05-28,1390.8400,19.0700
2008-05-29,1398.2600,18.1400
2008-05-30,1400.3800,17.8300
2008-06-02,1385.6700,19.8300
2008-06-03,1377.6500,20.2400
2008-06-04,1377.2000,20.8000
2008-06-05,1404.0500,18.6300
2008-06-06,1360.6801,23.5600
2008-06-09,1361.7600,23.1200
2008-06-10,1358.4399,23.1800
2008-06-11,1335.4900,24.1200
2008-06-12,1339.8700,23.3300
2008-06-13,1360.0300,21.2200
2008-06-16,1360.1400,20.9500
2008-06-17,1350.9301,21.1300
2008-06-18,1337.8101,22.2400
2008-06-19,1342.8300,21.5800
2008-06-20,1317.9301,22.8700
2008-06-23,1318.0000,22.6400
2008-06-24,1314.2900,22.4200
2008-06-25,1321.9700,21.1400
2008-06-26,1283.1500,23.9300
2008-06-27,1278.3800,23.4400
2008-06-30,1280.0000,23.9500
2008-07-01,1284.9100,23.6500
2008-07-02,1261.5200,25.9200
2008-07-03,1262.9000,24.7800
2008-07-07,1252.3101,25.7800
2008-07-08,1273.7000,23.1500
2008-07-09,1244.6899,25.2300
2008-07-10,1253.3900,25.5900
2008-07-11,1239.4900,27.4900
2008-07-14,1228.3000,28.4800
2008-07-15,1214.9100,28.5400
2008-07-16,1245.3600,25.1000
2008-07-17,1260.3199,25.0100
2008-07-18,1260.6801,24.0500
2008-07-21,1260.0000,23.0500
2008-07-22,1277.0000,21.1800
2008-07-23,1282.1899,21.3100
2008-07-24,1252.5400,23.4400
2008-07-25,1257.7600,22.9100
2008-07-28,1234.3700,24.2300
2008-07-29,1263.2000,22.0300
2008-07-30,1284.2600,21.2100
2008-07-31,1267.3800,22.9400
2008-08-01,1260.3101,22.5700
2008-08-04,1249.0100,23.4900
2008-08-05,1284.8800,21.1400
2008-08-06,1289.1899,20.2300
2008-08-07,1266.0699,21.1500
2008-08-08,1296.3199,20.6600
2008-08-11,1305.3199,20.1200
2008-08-12,1289.5900,21.1700
2008-08-13,1285.8300,21.5500
2008-08-14,1292.9301,20.3400
2008-08-15,1298.2000,19.5800
2008-08-18,1278.6000,20.9800
2008-08-19,1266.6899,21.2800
2008-08-20,1274.5400,20.4200
2008-08-21,1277.7200,19.8200
2008-08-22,1292.2000,18.8100
2008-08-25,1266.8400,20.9700
2008-08-26,1271.5100,20.4900
2008-08-27,1281.6600,19.7600
2008-08-28,1300.6801,19.4300
2008-08-29,1282.8300,20.6500
2008-09-02,1277.5800,21.9900
2008-09-03,1274.9800,21.4300
2008-09-04,1236.8300,24.0300
2008-09-05,1242.3101,23.0600
2008-09-08,1267.7900,22.6400
2008-09-09,1224.5100,25.4700
2008-09-10,1232.0400,24.5200
2008-09-11,1249.0500,24.3900
2008-09-12,1251.7000,25.6600
2008-09-15,1192.7000,31.7000
2008-09-16,1213.6000,30.3000
2008-09-17,1156.3900,36.2200
2008-09-18,1206.5100,33.1000
2008-09-19,1255.0800,32.0700
2008-09-22,1207.0900,33.8500
2008-09-23,1188.2200,35.7200
2008-09-24,1185.8700,35.1900
2008-09-25,1209.1801,32.8200
2008-09-26,1213.2700,34.7400
2008-09-29,1106.4200,46.7200
2008-09-30,1166.3600,39.3900
2008-10-01,1161.0601,39.8100
2008-10-02,1114.2800,45.2600
2008-10-03,1099.2300,45.1400
2008-10-06,1056.8900,52.0500
2008-10-07,996.2300,53.6800
2008-10-08,984.9400,57.5300
2008-10-09,909.9200,63.9200
2008-10-10,899.2200,69.9500
2008-10-13,1003.3500,54.9900
2008-10-14,998.0100,55.1300
2008-10-15,907.8400,69.2500
2008-10-16,946.4300,67.6100
2008-10-17,940.5500,70.3300
2008-10-20,985.4000,52.9700
2008-10-21,955.0500,53.1100
2008-10-22,896.7800,69.6500
2008-10-23,908.1100,67.8000
2008-10-24,876.7700,79.1300
2008-10-27,848.9200,80.0600
2008-10-28,940.5100,66.9600
2008-10-29,930.0900,69.9600
2008-10-30,954.0900,62.9000
2008-10-31,968.7500,59.8900
2008-11-03,966.3000,53.6800
2008-11-04,1005.7500,47.7300
2008-11-05,952.7700,54.5600
2008-11-06,904.8800,63.6800
2008-11-07,930.9900,56.1000
2008-11-10,919.2100,59.9800
2008-11-11,898.9500,61.4400
2008-11-12,852.3000,66.4600
2008-11-13,911.2900,59.8300
2008-11-14,873.2900,66.3100
2008-11-17,850.7500,69.1500
2008-11-18,859.1200,67.6400
2008-11-19,806.5800,74.2600
2008-11-20,752.4400,80.8600
2008-11-21,800.0300,72.6700
2008-11-24,851.8100,64.7000
2008-11-25,857.3900,60.9000
2008-11-26,887.6800,54.9200
2008-11-28,896.2400,55.2800
2008-12-01,816.2100,68.5100
2008-12-02,848.8100,62.9800
2008-12-03,870.7400,60.7200
2008-12-04,845.2200,63.6400
2008-12-05,876.0700,59.9300
2008-12-08,909.7000,58.4900
2008-12-09,888.6700,58.9100
2008-12-10,899.2400,55.7300
2008-12-11,873.5900,55.7800
2008-12-12,879.7300,54.2800
2008-12-15,868.5700,56.7600
2008-12-16,913.1800,52.3700
2008-12-17,904.4200,49.8400
2008-12-18,885.2800,47.3400
2008-12-19,887.8800,44.9300
2008-12-22,871.6300,44.5600
2008-12-23,863.1600,45.0200
2008-12-24,868.1500,44.2100
2008-12-26,872.8000,43.3800
2008-12-29,869.4200,43.9000
2008-12-30,890.6400,41.6300
2008-12-31,903.2500,40.0000
2009-01-02,931.8000,39.1900
2009-01-05,927.4500,39.0800
2009-01-06,934.7000,38.5600
2009-01-07,906.6500,43.3900
2009-01-08,909.7300,42.5600
2009-01-09,890.3500,42.8200
2009-01-12,870.2600,45.8400
2009-01-13,871.7900,43.2700
2009-01-14,842.6200,49.1400
2009-01-15,843.7400,51.0000
2009-01-16,850.1200,46.1100
2009-01-20,805.2200,56.6500
2009-01-21,840.2400,46.4200
2009-01-22,827.5000,47.2900
2009-01-23,831.9500,47.2700
2009-01-26,836.5700,45.6900
2009-01-27,845.7100,42.2500
2009-01-28,874.0900,39.6600
2009-01-29,845.1400,42.6300
2009-01-30,825.8800,44.8400
2009-02-02,825.4400,45.5200
2009-02-03,838.5100,43.0600
2009-02-04,832.2300,43.8500
2009-02-05,845.8500,43.7300
2009-02-06,868.6000,43.3700
2009-02-09,869.8900,43.6400
2009-02-10,827.1600,46.6700
2009-02-11,833.7400,44.5300
2009-02-12,835.1900,41.2500
2009-02-13,826.8400,42.9300
2009-02-17,789.1700,48.6600
2009-02-18,788.4200,48.4600
2009-02-19,778.9400,47.0800
2009-02-20,770.0500,49.3000
2009-02-23,743.3300,52.6200
2009-02-24,773.1400,45.4900
2009-02-25,764.9000,44.6700
2009-02-26,752.8300,44.6600
2009-02-27,735.0900,46.3500
2009-03-02,700.8200,52.6500
2009-03-03,696.3300,50.9300
2009-03-04,712.8700,47.5600
2009-03-05,682.5500,50.1700
2009-03-06,683.3800,49.3300
2009-03-09,676.5300,49.6800
2009-03-10,719.6000,44.3700
2009-03-11,721.3600,43.6100
2009-03-12,750.7400,41.1800
2009-03-13,756.5500,42.3600
2009-03-16,753.8900,43.7400
2009-03-17,778.1200,40.8000
2009-03-18,794.3500,40.0600
2009-03-19,784.0400,43.6800
2009-03-20,768.5400,45.8900
2009-03-23,822.9200,43.2300
2009-03-24,806.1200,42.9300
2009-03-25,813.8800,42.2500
2009-03-26,832.8600,40.3600
2009-03-27,815.9400,41.0400
2009-03-30,787.5300,45.5400
2009-03-31,797.8700,44.1400
2009-04-01,811.0800,42.2800
2009-04-02,834.3800,42.0400
2009-04-03,842.5000,39.7000
2009-04-06,835.4800,40.9300
2009-04-07,815.5500,40.3900
2009-04-08,825.1600,38.8500
2009-04-09,856.5600,36.5300
2009-04-13,858.7300,37.8100
2009-04-14,841.5000,37.6700
2009-04-15,852.0600,36.1700
2009-04-16,865.3000,35.7900
2009-04-17,869.6000,33.9400
2009-04-20,832.3900,39.1800
2009-04-21,850.0800,37.1400
2009-04-22,843.5500,38.1000
2009-04-23,851.9200,37.1500
2009-04-24,866.2300,36.8200
2009-04-27,857.5100,38.3200
2009-04-28,855.1600,37.9500
2009-04-29,873.6400,36.0800
2009-04-30,872.8100,36.5000
2009-05-01,877.5200,35.3000
2009-05-04,907.2400,34.5300
2009-05-05,903.8000,33.3600
2009-05-06,919.5300,32.4500
2009-05-07,907.3900,33.4400
2009-05-08,929.2300,32.0500
2009-05-11,909.2400,32.8700
2009-05-12,908.3500,31.8000
2009-05-13,883.9200,33.6500
2009-05-14,893.0700,31.3700
2009-05-15,882.8800,33.1200
2009-05-18,909.7100,30.2400
2009-05-19,908.1300,28.8000
2009-05-20,903.4700,29.0300
2009-05-21,888.3300,31.3500
2009-05-22,887.0000,32.6300
2009-05-26,910.3300,30.6200
2009-05-27,893.0600,32.3600
2009-05-28,906.8300,31.6700
2009-05-29,919.1400,28.9200
2009-06-01,942.8700,30.0400
2009-06-02,944.7400,29.6300
2009-06-03,931.7600,31.0200
2009-06-04,942.4600,30.1800
2009-06-05,940.0900,29.6200
2009-06-08,939.1400,29.7700
2009-06-09,942.4300,28.2700
2009-06-10,939.1500,28.4600
2009-06-11,944.8900,28.1100
2009-06-12,946.2100,28.1500
2009-06-15,923.7200,30.8100
2009-06-16,911.9700,32.6800
2009-06-17,910.7100,31.5400
2009-06-18,918.3700,30.0300
2009-06-19,921.2300,27.9900
2009-06-22,893.0400,31.1700
2009-06-23,895.1000,30.5800
2009-06-24,900.9400,29.0500
2009-06-25,920.2600,26.3600
2009-06-26,918.9000,25.9300
2009-06-29,927.2300,25.3500
2009-06-30,919.3200,26.3500
2009-07-01,923.3300,26.2200
2009-07-02,896.4200,27.9500
2009-07-06,898.7200,29.0000
2009-07-07,881.0300,30.8500
2009-07-08,879.5600,31.3000
2009-07-09,882.6800,29.7800
2009-07-10,879.1300,29.0200
2009-07-13,901.0500,26.3100
2009-07-14,905.8400,25.0200
2009-07-15,932.6800,25.8900
2009-07-16,940.7400,25.4200
2009-07-17,940.3800,24.3400
2009-07-20,951.1300,24.4000
2009-07-21,954.5800,23.8700
2009-07-22,954.0700,23.4700
2009-07-23,976.2900,23.4300
2009-07-24,979.2600,23.0900
2009-07-27,982.1800,24.2800
2009-07-28,979.6200,25.0100
2009-07-29,975.1500,25.6100
2009-07-30,986.7500,25.4000
2009-07-31,987.4800,25.9200
2009-08-03,1002.6300,25.5600
2009-08-04,1005.6500,24.8900
2009-08-05,1002.7200,24.9000
2009-08-06,997.0800,25.6700
2009-08-07,1010.4800,24.7600
2009-08-10,1007.1000,24.9900
2009-08-11,994.3500,25.9900
2009-08-12,1005.8100,25.4500
2009-08-13,1012.7300,24.7100
2009-08-14,1004.0900,24.2700
2009-08-17,979.7300,27.8900
2009-08-18,989.6700,26.1800
2009-08-19,996.4600,26.2600
2009-08-20,1007.3700,25.0900
2009-08-21,1026.1300,25.0100
2009-08-24,1025.5699,25.1400
2009-08-25,1028.0000,24.9200
2009-08-26,1028.1200,24.9500
2009-08-27,1030.9800,24.6800
2009-08-28,1028.9301,24.7600
2009-08-31,1020.6200,26.0100
2009-09-01,998.0400,29.1500
2009-09-02,994.7500,28.9000
2009-09-03,1003.2400,27.1000
2009-09-04,1016.4000,25.2600
2009-09-08,1025.3900,25.6200
2009-09-09,1033.3700,24.3200
2009-09-10,1044.1400,23.5500
2009-09-11,1042.7300,24.1500
2009-09-14,1049.3400,23.8600
2009-09-15,1052.6300,23.4200
2009-09-16,1068.7600,23.6900
2009-09-17,1065.4900,23.6500
2009-09-18,1068.3000,23.9200
2009-09-21,1064.6600,24.0600
2009-09-22,1071.6600,23.0800
2009-09-23,1060.8700,23.4900
2009-09-24,1050.7800,24.9500
2009-09-25,1044.3800,25.6100
2009-09-28,1062.9800,24.8800
2009-09-29,1060.6100,25.1900
2009-09-30,1057.0800,25.6100
2009-10-01,1029.8500,28.2700
2009-10-02,1025.2100,28.6800
2009-10-05,1040.4600,26.8400
2009-10-06,1054.7200,25.7000
2009-10-07,1057.5800,24.6800
2009-10-08,1065.4800,24.1800
2009-10-09,1071.4900,23.1200
2009-10-12,1076.1899,23.0100
2009-10-13,1073.1899,22.9900
2009-10-14,1092.0200,22.8600
2009-10-15,1096.5601,21.7200
2009-10-16,1087.6801,21.4300
2009-10-19,1097.9100,21.4900
2009-10-20,1091.0601,20.9000
2009-10-21,1081.4000,22.2200
2009-10-22,1092.9100,20.6900
2009-10-23,1079.6000,22.2700
2009-10-26,1066.9500,24.3100
2009-10-27,1063.4100,24.8300
2009-10-28,1042.6300,27.9100
2009-10-29,1066.1100,24.7600
2009-10-30,1036.1899,30.6900
2009-11-02,1042.8800,29.7800
2009-11-03,1045.4100,28.8100
2009-11-04,1046.5000,27.7200
2009-11-05,1066.6300,25.4300
2009-11-06,1069.3000,24.1900
2009-11-09,1093.0800,23.1500
2009-11-10,1093.0100,22.8400
2009-11-11,1098.5100,23.0400
2009-11-12,1087.2400,24.2400
2009-11-13,1093.4800,23.3600
2009-11-16,1109.3000,22.8900
2009-11-17,1110.3199,22.4100
2009-11-18,1109.8000,21.6300
2009-11-19,1094.9000,22.6300
2009-11-20,1091.3800,22.1900
2009-11-23,1106.2400,21.1600
2009-11-24,1105.6500,20.4700
2009-11-25,1110.6300,20.4800
2009-11-27,1091.4900,24.7400
2009-11-30,1095.6300,24.5100
2009-12-01,1108.8600,21.9200
2009-12-02,1109.2400,21.1200
2009-12-03,1099.9200,22.4600
2009-12-04,1105.9800,21.2500
2009-12-07,1103.2500,22.1000
2009-12-08,1091.9399,23.6900
2009-12-09,1095.9500,22.6600
2009-12-10,1102.3500,22.3200
2009-12-11,1106.4100,21.5900
2009-12-14,1114.1100,21.1500
2009-12-15,1107.9301,21.4900
2009-12-16,1109.1801,20.5400
2009-12-17,1096.0800,22.5100
2009-12-18,1102.4700,21.6800
2009-12-21,1114.0500,20.4900
2009-12-22,1118.0200,19.5400
2009-12-23,1120.5900,19.7100
2009-12-24,1126.4800,19.4700
2009-12-28,1127.7800,19.9300
2009-12-29,1126.2000,20.0100
2009-12-30,1126.4200,19.9600
2009-12-31,1115.1000,21.6800
2010-01-04,1132.9900,20.0400
2010-01-05,1136.5200,19.3500
2010-01-06,1137.1400,19.1600
2010-01-07,1141.6899,19.0600
2010-01-08,1144.9800,18.1300
2010-01-11,1146.9800,17.5500
2010-01-12,1136.2200,18.2500
2010-01-13,1145.6801,17.8500
2010-01-14,1148.4600,17.6300
2010-01-15,1136.0300,17.9100
2010-01-19,1150.2300,17.5800
2010-01-20,1138.0400,18.6800
2010-01-21,1116.4800,22.2700
2010-01-22,1091.7600,27.3100
2010-01-25,1096.7800,25.4100
2010-01-26,1092.1700,24.5500
2010-01-27,1097.5000,23.1400
2010-01-28,1084.5300,23.7300
2010-01-29,1073.8700,24.6200
2010-02-01,1089.1899,22.5900
2010-02-02,1103.3199,21.4800
2010-02-03,1097.2800,21.6000
2010-02-04,1063.1100,26.0800
2010-02-05,1066.1899,26.1100
2010-02-08,1056.7400,26.5100
2010-02-09,1070.5200,26.0000
2010-02-10,1068.1300,25.4000
2010-02-11,1078.4700,23.9600
2010-02-12,1075.5100,22.7300
2010-02-16,1094.8700,22.2500
2010-02-17,1099.5100,21.7200
2010-02-18,1106.7500,20.6300
2010-02-19,1109.1700,20.0200
2010-02-22,1108.0100,19.9400
2010-02-23,1094.6000,21.3700
2010-02-24,1105.2400,20.2700
2010-02-25,1102.9399,20.1000
2010-02-26,1104.4900,19.5000
2010-03-01,1115.7100,19.2600
2010-03-02,1118.3101,19.0600
2010-03-03,1118.7900,18.8300
2010-03-04,1122.9700,18.7200
2010-03-05,1138.7000,17.4200
2010-03-08,1138.5000,17.7900
2010-03-09,1140.4500,17.9200
2010-03-10,1145.6100,18.5700
2010-03-11,1150.2400,18.0600
2010-03-12,1149.9900,17.5800
2010-03-15,1150.5100,18.0000
2010-03-16,1159.4600,17.6900
2010-03-17,1166.2100,16.9100
2010-03-18,1165.8300,16.6200
2010-03-19,1159.9000,16.9700
2010-03-22,1165.8101,16.8700
2010-03-23,1174.1700,16.3500
2010-03-24,1167.7200,17.5500
2010-03-25,1165.7300,18.4000
2010-03-26,1166.5900,17.7700
2010-03-29,1173.2200,17.5900
2010-03-30,1173.2700,17.1300
2010-03-31,1169.4301,17.5900
2010-04-01,1178.1000,17.4700
2010-04-05,1187.4399,17.0200
2010-04-06,1189.4399,16.2300
2010-04-07,1182.4500,16.6200
2010-04-08,1186.4399,16.4800
2010-04-09,1194.3700,16.1400
2010-04-12,1196.4800,15.5800
2010-04-13,1197.3000,16.2000
2010-04-14,1210.6500,15.5900
2010-04-15,1211.6700,15.8900
2010-04-16,1192.1300,18.3600
2010-04-19,1197.5200,17.3400
2010-04-20,1207.1700,15.7300
2010-04-21,1205.9399,16.3200
2010-04-22,1208.6700,16.4700
2010-04-23,1217.2800,16.6200
2010-04-26,1212.0500,17.4700
2010-04-27,1183.7100,22.8100
2010-04-28,1191.3600,21.0800
2010-04-29,1206.7800,18.4400
2010-04-30,1186.6899,22.0500
2010-05-03,1202.2600,20.1900
2010-05-04,1173.6000,23.8400
2010-05-05,1165.8700,24.9100
2010-05-06,1128.1500,32.8000
2010-05-07,1110.8800,40.9500
2010-05-10,1159.7300,28.8400
2010-05-11,1155.7900,28.3200
2010-05-12,1171.6700,25.5200
2010-05-13,1157.4399,26.6800
2010-05-14,1135.6801,31.2400
2010-05-17,1136.9399,30.8400
2010-05-18,1120.8000,33.5500
2010-05-19,1115.0500,35.3200
2010-05-20,1071.5900,45.7900
2010-05-21,1087.6899,40.1000
2010-05-24,1073.6500,38.3200
2010-05-25,1074.0300,34.6100
2010-05-26,1067.9500,35.0200
2010-05-27,1103.0601,29.6800
2010-05-28,1089.4100,32.0700
2010-06-01,1070.7100,35.5400
2010-06-02,1098.3800,30.1700
2010-06-03,1102.8300,29.4600
2010-06-04,1064.8800,35.4800
2010-06-07,1050.4700,36.5700
2010-06-08,1062.0000,33.7000
2010-06-09,1055.6899,33.7300
2010-06-10,1086.8400,30.5700
2010-06-11,1091.6000,28.7900
2010-06-14,1089.6300,28.5800
2010-06-15,1115.2300,25.8700
2010-06-16,1114.6100,25.9200
2010-06-17,1116.0400,25.0500
2010-06-18,1117.5100,23.9500
2010-06-21,1113.2000,24.8800
2010-06-22,1095.3101,27.0500
2010-06-23,1092.0400,26.9100
2010-06-24,1073.6899,29.7400
2010-06-25,1076.7600,28.5300
2010-06-28,1074.5699,29.0000
2010-06-29,1041.2400,34.1300
2010-06-30,1030.7100,34.5400
2010-07-01,1027.3700,32.8600
2010-07-02,1022.5800,30.1200
2010-07-06,1028.0601,29.6500
2010-07-07,1060.2700,26.8400
2010-07-08,1070.2500,25.7100
2010-07-09,1077.9600,24.9800
2010-07-12,1078.7500,24.4300
2010-07-13,1095.3400,24.5600
2010-07-14,1095.1700,24.8900
2010-07-15,1096.4800,25.1400
2010-07-16,1064.8800,26.2500
2010-07-19,1071.2500,25.9700
2010-07-20,1083.4800,23.9300
2010-07-21,1069.5900,25.6400
2010-07-22,1093.6700,24.6300
2010-07-23,1102.6600,23.4700
2010-07-26,1115.0100,22.7300
2010-07-27,1113.8400,23.1900
2010-07-28,1106.1300,24.2500
2010-07-29,1101.5300,24.1300
2010-07-30,1101.6000,23.5000
2010-08-02,1125.8600,22.0100
2010-08-03,1120.4600,22.6300
2010-08-04,1127.2400,22.2100
2010-08-05,1125.8101,22.1000
2010-08-06,1121.6400,21.7400
2010-08-09,1127.7900,22.1400
2010-08-10,1121.0601,22.3700
2010-08-11,1089.4700,25.3900
2010-08-12,1083.6100,25.7300
2010-08-13,1079.2500,26.2400
2010-08-16,1079.3800,26.1000
2010-08-17,1092.5400,24.3300
2010-08-18,1094.1600,24.5900
2010-08-19,1075.6300,26.4400
2010-08-20,1071.6899,25.4900
2010-08-23,1067.3600,25.6600
2010-08-24,1051.8700,27.4600
2010-08-25,1055.3300,26.7000
2010-08-26,1047.2200,27.3700
2010-08-27,1064.5900,24.4500
2010-08-30,1048.9200,27.2100
2010-08-31,1049.3300,26.0500
2010-09-01,1080.2900,23.8900
2010-09-02,1090.1000,23.1900
2010-09-03,1104.5100,21.3100
2010-09-07,1091.8400,23.8000
2010-09-08,1098.8700,23.2500
2010-09-09,1104.1801,22.8100
2010-09-10,1109.5500,21.9900
2010-09-13,1121.9000,21.2100
2010-09-14,1121.1000,21.5600
2010-09-15,1125.0699,22.1000
2010-09-16,1124.6600,21.7200
2010-09-17,1125.5900,22.0100
2010-09-20,1142.7100,21.5000
2010-09-21,1139.7800,22.3500
2010-09-22,1134.2800,22.5100
2010-09-23,1124.8300,23.8700
2010-09-24,1148.6700,21.7100
2010-09-27,1142.1600,22.5400
2010-09-28,1147.7000,22.6000
2010-09-29,1144.7300,23.2500
2010-09-30,1141.2000,23.7000
2010-10-01,1146.2400,22.5000
2010-10-04,1137.0300,23.5300
2010-10-05,1160.7500,21.7600
2010-10-06,1159.9700,21.4900
2010-10-07,1158.0601,21.5600
2010-10-08,1165.1500,20.7100
2010-10-11,1165.3199,18.9600
2010-10-12,1169.7700,18.9300
2010-10-13,1178.1000,19.0700
2010-10-14,1173.8101,19.8800
2010-10-15,1176.1899,19.0300
2010-10-18,1184.7100,19.0900
2010-10-19,1165.9000,20.6300
2010-10-20,1178.1700,19.7900
2010-10-21,1180.2600,19.2700
2010-10-22,1183.0800,18.7800
2010-10-25,1185.6200,19.8500
2010-10-26,1185.6400,20.2200
2010-10-27,1182.4500,20.7100
2010-10-28,1183.7800,20.8800
2010-10-29,1183.2600,21.2000
2010-11-01,1184.3800,21.8300
2010-11-02,1193.5699,21.5700
2010-11-03,1197.9600,19.5600
2010-11-04,1221.0601,18.5200
2010-11-05,1225.8500,18.2600
2010-11-08,1223.2500,18.2900
2010-11-09,1213.4000,19.0800
2010-11-10,1218.7100,18.4700
2010-11-11,1213.5400,18.6400
2010-11-12,1199.2100,20.6100
2010-11-15,1197.7500,20.2000
2010-11-16,1178.3400,22.5800
2010-11-17,1178.5900,21.7600
2010-11-18,1196.6899,18.7500
2010-11-19,1199.7300,18.0400
2010-11-22,1197.8400,18.3700
2010-11-23,1180.7300,20.6300
2010-11-24,1198.3500,19.5600
2010-11-26,1189.4000,22.2200
2010-11-29,1187.7600,21.5300
2010-11-30,1180.5500,23.5400
2010-12-01,1206.0699,21.3600
2010-12-02,1221.5300,19.3900
2010-12-03,1224.7100,18.0100
2010-12-06,1223.1200,18.0200
2010-12-07,1223.7500,17.9900
2010-12-08,1228.2800,17.7400
2010-12-09,1233.0000,17.2500
2010-12-10,1240.4000,17.6100
2010-12-13,1240.4600,17.5500
2010-12-14,1241.5900,17.6100
2010-12-15,1235.2300,17.9400
2010-12-16,1242.8700,17.3900
2010-12-17,1243.9100,16.1100
2010-12-20,1247.0800,16.4100
2010-12-21,1254.6000,16.4900
2010-12-22,1258.8400,15.4500
2010-12-23,1256.7700,16.4700
2010-12-27,1257.5400,17.6700
2010-12-28,1258.5100,17.5200
2010-12-29,1259.7800,17.2800
2010-12-30,1257.8800,17.5200
2010-12-31,1257.6400,17.7500
2011-01-03,1271.8700,17.6100
2011-01-04,1270.2000,17.3800
2011-01-05,1276.5601,17.0200
2011-01-06,1273.8500,17.4000
2011-01-07,1271.5000,17.1400
2011-01-10,1269.7500,17.5400
2011-01-11,1274.4800,16.8900
2011-01-12,1285.9600,16.2400
2011-01-13,1283.7600,16.3900
2011-01-14,1293.2400,15.4600
2011-01-18,1295.0200,15.8700
2011-01-19,1281.9200,17.3100
2011-01-20,1280.2600,17.9900
2011-01-21,1283.3500,18.4700
2011-01-24,1290.8400,17.6500
2011-01-25,1291.1801,17.5900
2011-01-26,1296.6300,16.6400
2011-01-27,1299.5400,16.1500
2011-01-28,1276.3400,20.0400
2011-01-31,1286.1200,19.5300
2011-02-01,1307.5900,17.6300
2011-02-02,1304.0300,17.3000
2011-02-03,1307.1000,16.6900
2011-02-04,1310.8700,15.9300
2011-02-07,1319.0500,16.2800
2011-02-08,1324.5699,15.8100
2011-02-09,1320.8800,15.8700
2011-02-10,1321.8700,16.0900
2011-02-11,1329.1500,15.6900
2011-02-14,1332.3199,15.9500
2011-02-15,1328.0100,16.3700
2011-02-16,1336.3199,16.7200
2011-02-17,1340.4301,16.5900
2011-02-18,1343.0100,16.4300
2011-02-22,1315.4399,20.8000
2011-02-23,1307.4000,22.1300
2011-02-24,1306.1000,21.3200
2011-02-25,1319.8800,19.2200
2011-02-28,1327.2200,18.3500
2011-03-01,1306.3300,21.0100
2011-03-02,1308.4399,20.7000
2011-03-03,1330.9700,18.6000
2011-03-04,1321.1500,19.0600
2011-03-07,1310.1300,20.6600
2011-03-08,1321.8199,19.8200
2011-03-09,1320.0200,20.2200
2011-03-10,1295.1100,21.8800
2011-03-11,1304.2800,20.0800
2011-03-14,1296.3900,21.1300
2011-03-15,1281.8700,24.3200
2011-03-16,1256.8800,29.4000
2011-03-17,1273.7200,26.3700
2011-03-18,1279.2100,24.4400
2011-03-21,1298.3800,20.6100
2011-03-22,1293.7700,20.2100
2011-03-23,1297.5400,19.1700
2011-03-24,1309.6600,18.0000
2011-03-25,1313.8000,17.9100
2011-03-28,1310.1899,19.4400
2011-03-29,1319.4399,18.1600
2011-03-30,1328.2600,17.7100
2011-03-31,1325.8300,17.7400
2011-04-01,1332.4100,17.4000
2011-04-04,1332.8700,17.5000
2011-04-05,1332.6300,17.2500
2011-04-06,1335.5400,16.9000
2011-04-07,1333.5100,17.1100
2011-04-08,1328.1700,17.8700
2011-04-11,1324.4600,16.5900
2011-04-12,1314.1600,17.0900
2011-04-13,1314.4100,16.9200
2011-04-14,1314.5200,16.2700
2011-04-15,1319.6801,15.3200
2011-04-18,1305.1400,16.9600
2011-04-19,1312.6200,15.8300
2011-04-20,1330.3600,15.0700
2011-04-21,1337.3800,14.6900
2011-04-25,1335.2500,15.7700
2011-04-26,1347.2400,15.6200
2011-04-27,1355.6600,15.3500
2011-04-28,1360.4800,14.6200
2011-04-29,1363.6100,14.7500
2011-05-02,1361.2200,15.9900
2011-05-03,1356.6200,16.7000
2011-05-04,1347.3199,17.0800
2011-05-05,1335.1000,18.2000
2011-05-06,1340.2000,18.4000
2011-05-09,1346.2900,17.1600
2011-05-10,1357.1600,15.9100
2011-05-11,1342.0800,16.9500
2011-05-12,1348.6500,16.0300
2011-05-13,1337.7700,17.0700
2011-05-16,1329.4700,18.2400
2011-05-17,1328.9800,17.5500
2011-05-18,1340.6801,16.2300
2011-05-19,1343.6000,15.5200
2011-05-20,1333.2700,17.4300
2011-05-23,1317.3700,18.2700
2011-05-24,1316.2800,17.8200
2011-05-25,1320.4700,17.0700
2011-05-26,1325.6899,16.0900
2011-05-27,1331.1000,15.9800
2011-05-31,1345.2000,15.4500
2011-06-01,1314.5500,18.3000
2011-06-02,1312.9399,18.0900
2011-06-03,1300.1600,17.9500
2011-06-06,1286.1700,18.4900
2011-06-07,1284.9399,18.0700
2011-06-08,1279.5601,18.7900
2011-06-09,1289.0000,17.7700
2011-06-10,1270.9800,18.8600
2011-06-13,1271.8300,19.6100
2011-06-14,1287.8700,18.2600
2011-06-15,1265.4200,21.3200
2011-06-16,1267.6400,22.7300
2011-06-17,1271.5000,21.8500
2011-06-20,1278.3600,19.9900
2011-06-21,1295.5200,18.8600
2011-06-22,1287.1400,18.5200
2011-06-23,1283.5000,19.2900
2011-06-24,1268.4500,21.1000
2011-06-27,1280.1000,20.5600
2011-06-28,1296.6700,19.1700
2011-06-29,1307.4100,17.2700
2011-06-30,1320.6400,16.5200
2011-07-01,1339.6700,15.8700
2011-07-05,1337.8800,16.0600
2011-07-06,1339.2200,16.3400
2011-07-07,1353.2200,15.9500
2011-07-08,1343.8000,15.9500
2011-07-11,1319.4900,18.3900
2011-07-12,1313.6400,19.8700
2011-07-13,1317.7200,19.9100
2011-07-14,1308.8700,20.8000
2011-07-15,1316.1400,19.5300
2011-07-18,1305.4399,20.9500
2011-07-19,1326.7300,19.2100
2011-07-20,1325.8400,19.0900
2011-07-21,1343.8000,17.5600
2011-07-22,1345.0200,17.5200
2011-07-25,1337.4301,19.3500
2011-07-26,1331.9399,20.2300
2011-07-27,1304.8900,22.9800
2011-07-28,1300.6700,23.7400
2011-07-29,1292.2800,25.2500
2011-08-01,1286.9399,23.6600
2011-08-02,1254.0500,24.7900
2011-08-03,1260.3400,23.3800
2011-08-04,1200.0699,31.6600
2011-08-05,1199.3800,32.0000
2011-08-08,1119.4600,48.0000
2011-08-09,1172.5300,35.0600
2011-08-10,1120.7600,42.9900
2011-08-11,1172.6400,39.0000
2011-08-12,1178.8101,36.3600
2011-08-15,1204.4900,31.8700
2011-08-16,1192.7600,32.8500
2011-08-17,1193.8900,31.5800
2011-08-18,1140.6500,42.6700
2011-08-19,1123.5300,43.0500
2011-08-22,1123.8199,42.4400
2011-08-23,1162.3500,36.2700
2011-08-24,1177.6000,35.9000
2011-08-25,1159.2700,39.7600
2011-08-26,1176.8000,35.5900
2011-08-29,1210.0800,32.2800
2011-08-30,1212.9200,32.8900
2011-08-31,1218.8900,31.6200
2011-09-01,1204.4200,31.8200
2011-09-02,1173.9700,33.9200
2011-09-06,1165.2400,37.0000
2011-09-07,1198.6200,33.3800
2011-09-08,1185.9000,34.3200
2011-09-09,1154.2300,38.5200
2011-09-12,1162.2700,38.5900
2011-09-13,1172.8700,36.9100
2011-09-14,1188.6801,34.6000
2011-09-15,1209.1100,31.9700
2011-09-16,1216.0100,30.9800
2011-09-19,1204.0900,32.7300
2011-09-20,1202.0900,32.8600
2011-09-21,1166.7600,37.3200
2011-09-22,1129.5601,41.3500
2011-09-23,1136.4301,41.2500
2011-09-26,1162.9500,39.0200
2011-09-27,1175.3800,37.7100
2011-09-28,1151.0601,41.0800
2011-09-29,1160.4000,38.8400
2011-09-30,1131.4200,42.9600
2011-10-03,1099.2300,45.4500
2011-10-04,1123.9500,40.8200
2011-10-05,1144.0300,37.8100
2011-10-06,1164.9700,36.2700
2011-10-07,1155.4600,36.2000
2011-10-10,1194.8900,33.0200
2011-10-11,1195.5400,32.8600
2011-10-12,1207.2500,31.2600
2011-10-13,1203.6600,30.7000
2011-10-14,1224.5800,28.2400
2011-10-17,1200.8600,33.3900
2011-10-18,1225.3800,31.5600
2011-10-19,1209.8800,34.4400
2011-10-20,1215.3900,34.7800
2011-10-21,1238.2500,31.3200
2011-10-24,1254.1899,29.2600
2011-10-25,1229.0500,32.2200
2011-10-26,1242.0000,29.8600
2011-10-27,1284.5900,25.4600
2011-10-28,1285.0900,24.5300
2011-10-31,1253.3000,29.9600
2011-11-01,1218.2800,34.7700
2011-11-02,1237.9000,32.7400
2011-11-03,1261.1500,30.5000
2011-11-04,1253.2300,30.1600
2011-11-07,1261.1200,29.8500
2011-11-08,1275.9200,27.4800
2011-11-09,1229.1000,36.1600
2011-11-10,1239.7000,32.8100
2011-11-11,1263.8500,30.0400
2011-11-14,1251.7800,31.1300
2011-11-15,1257.8101,31.2200
2011-11-16,1236.9100,33.5100
2011-11-17,1216.1300,34.5100
2011-11-18,1215.6500,32.0000
2011-11-21,1192.9800,32.9100
2011-11-22,1188.0400,31.9700
2011-11-23,1161.7900,33.9800
2011-11-25,1158.6700,34.4700
2011-11-28,1192.5500,32.1300
2011-11-29,1195.1899,30.6400
2011-11-30,1246.9600,27.8000
2011-12-01,1244.5800,27.4100
2011-12-02,1244.2800,27.5200
2011-12-05,1257.0800,27.8400
2011-12-06,1258.4700,28.1300
2011-12-07,1261.0100,28.6700
2011-12-08,1234.3500,30.5900
2011-12-09,1255.1899,26.3800
2011-12-12,1236.4700,25.6700
2011-12-13,1225.7300,25.4100
2011-12-14,1211.8199,26.0400
2011-12-15,1215.7500,25.1100
2011-12-16,1219.6600,24.2900
2011-12-19,1205.3500,24.9200
2011-12-20,1241.3000,23.2200
2011-12-21,1243.7200,21.4300
2011-12-22,1254.0000,21.1600
2011-12-23,1265.3300,20.7300
2011-12-27,1265.4301,21.9100
2011-12-28,1249.6400,23.5200
2011-12-29,1263.0200,22.6500
2011-12-30,1257.6000,23.4000
2012-01-03,1277.0601,22.9700
2012-01-04,1277.3000,22.2200
2012-01-05,1281.0601,21.4800
2012-01-06,1277.8101,20.6300
2012-01-09,1280.7000,21.0700
2012-01-10,1292.0800,20.6900
2012-01-11,1292.4800,21.0500
2012-01-12,1295.5000,20.4700
2012-01-13,1289.0900,20.9100
2012-01-17,1293.6700,22.2000
2012-01-18,1308.0400,20.8900
2012-01-19,1314.5000,19.8700
2012-01-20,1315.3800,18.2800
2012-01-23,1316.0000,18.6700
2012-01-24,1314.6500,18.9100
2012-01-25,1326.0601,18.3100
2012-01-26,1318.4301,18.5700
2012-01-27,1316.3300,18.5300
2012-01-30,1313.0100,19.4000
2012-01-31,1312.4100,19.4400
2012-02-01,1324.0900,18.5500
2012-02-02,1325.5400,17.9800
2012-02-03,1344.9000,17.1000
2012-02-06,1344.3300,17.7600
2012-02-07,1347.0500,17.6500
2012-02-08,1349.9600,18.1600
2012-02-09,1351.9500,18.6300
2012-02-10,1342.6400,20.7900
2012-02-13,1351.7700,19.0400
2012-02-14,1350.5000,19.5400
2012-02-15,1343.2300,21.1400
2012-02-16,1358.0400,19.2200
2012-02-17,1361.2300,17.7800
2012-02-21,1362.2100,18.1900
2012-02-22,1357.6600,18.1900
2012-02-23,1363.4600,16.8000
2012-02-24,1365.7400,17.3100
2012-02-27,1367.5900,18.1900
2012-02-28,1372.1801,17.9600
2012-02-29,1365.6801,18.4300
2012-03-01,1374.0900,17.2600
2012-03-02,1369.6300,17.2900
2012-03-05,1364.3300,18.0500
2012-03-06,1343.3600,20.8700
2012-03-07,1352.6300,19.0700
2012-03-08,1365.9100,17.9500
2012-03-09,1370.8700,17.1100
2012-03-12,1371.0900,15.6400
2012-03-13,1395.9500,14.8000
2012-03-14,1394.2800,15.3100
2012-03-15,1402.6000,15.4200
2012-03-16,1404.1700,14.4700
2012-03-19,1409.7500,15.0400
2012-03-20,1405.5200,15.5800
2012-03-21,1402.8900,15.1300
2012-03-22,1392.7800,15.5700
2012-03-23,1397.1100,14.8200
2012-03-26,1416.5100,14.2600
2012-03-27,1412.5200,15.5900
2012-03-28,1405.5400,15.4700
2012-03-29,1403.2800,15.4800
2012-03-30,1408.4700,15.5000
2012-04-02,1419.0400,15.6400
2012-04-03,1413.3800,15.6600
2012-04-04,1398.9600,16.4400
2012-04-05,1398.0800,16.7000
2012-04-09,1382.2000,18.8100
2012-04-10,1358.5900,20.3900
2012-04-11,1368.7100,20.0200
2012-04-12,1387.5699,17.2000
2012-04-13,1370.2600,19.5500
2012-04-16,1369.5699,19.5500
2012-04-17,1390.7800,18.4600
2012-04-18,1385.1400,18.6400
2012-04-19,1376.9200,18.3600
2012-04-20,1378.5300,17.4400
2012-04-23,1366.9399,18.9700
2012-04-24,1371.9700,18.1000
2012-04-25,1390.6899,16.8200
2012-04-26,1399.9800,16.2400
2012-04-27,1403.3600,16.3200
2012-04-30,1397.9100,17.1500
2012-05-01,1405.8199,16.6000
2012-05-02,1402.3101,16.8800
2012-05-03,1391.5699,17.5600
2012-05-04,1369.1000,19.1600
2012-05-07,1369.5800,18.9400
2012-05-08,1363.7200,19.0500
2012-05-09,1354.5800,20.0800
2012-05-10,1357.9900,18.8300
2012-05-11,1353.3900,19.8900
2012-05-14,1338.3500,21.8700
2012-05-15,1330.6600,21.9700
2012-05-16,1324.8000,22.2700
2012-05-17,1304.8600,24.4900
2012-05-18,1295.2200,25.1000
2012-05-21,1315.9900,22.0100
2012-05-22,1316.6300,22.4800
2012-05-23,1318.8600,22.3300
2012-05-24,1320.6801,21.5400
2012-05-25,1317.8199,21.7600
2012-05-29,1332.4200,21.0300
2012-05-30,1313.3199,24.1400
2012-05-31,1310.3300,24.0600
2012-06-01,1278.0400,26.6600
2012-06-04,1278.1801,26.1200
2012-06-05,1285.5000,24.6800
2012-06-06,1315.1300,22.1600
2012-06-07,1314.9900,21.7200
2012-06-08,1325.6600,21.2300
2012-06-11,1308.9301,23.5600
2012-06-12,1324.1801,22.0900
2012-06-13,1314.8800,24.2700
2012-06-14,1329.1000,21.6800
2012-06-15,1342.8400,21.1100
2012-06-18,1344.7800,18.3200
2012-06-19,1357.9800,18.3800
2012-06-20,1355.6899,17.2400
2012-06-21,1325.5100,20.0800
2012-06-22,1335.0200,18.1100
2012-06-25,1313.7200,20.3800
2012-06-26,1319.9900,19.7200
2012-06-27,1331.8500,19.4500
2012-06-28,1329.0400,19.7100
2012-06-29,1362.1600,17.0800
2012-07-02,1365.5100,16.8000
2012-07-03,1374.0200,16.6600
2012-07-05,1367.5800,17.5000
2012-07-06,1354.6801,17.1000
2012-07-09,1352.4600,17.9800
2012-07-10,1341.4700,18.7200
2012-07-11,1341.4500,17.9500
2012-07-12,1334.7600,18.3300
2012-07-13,1356.7800,16.7400
2012-07-16,1353.6400,17.1100
2012-07-17,1363.6700,16.4800
2012-07-18,1372.7800,16.1600
2012-07-19,1376.5100,15.4500
2012-07-20,1362.6600,16.2700
2012-07-23,1350.5200,18.6200
2012-07-24,1338.3101,20.4700
2012-07-25,1337.8900,19.3400
2012-07-26,1360.0200,17.5300
2012-07-27,1385.9700,16.7000
2012-07-30,1385.3000,18.0300
2012-07-31,1379.3199,18.9300
2012-08-01,1375.3199,18.9600
2012-08-02,1365.0000,17.5700
2012-08-03,1390.9900,15.6400
2012-08-06,1394.2300,15.9500
2012-08-07,1401.3500,15.9900
2012-08-08,1402.2200,15.3200
2012-08-09,1402.8000,15.2800
2012-08-10,1405.8700,14.7400
2012-08-13,1404.1100,13.7000
2012-08-14,1403.9301,14.8500
2012-08-15,1405.5300,14.6300
2012-08-16,1415.5100,14.2900
2012-08-17,1418.1600,13.4500
2012-08-20,1418.1300,14.0200
2012-08-21,1413.1700,15.0200
2012-08-22,1413.4900,15.1100
2012-08-23,1402.0800,15.9600
2012-08-24,1411.1300,15.1800
2012-08-27,1410.4399,16.3500
2012-08-28,1409.3000,16.4900
2012-08-29,1410.4900,17.0600
2012-08-30,1399.4800,17.8300
2012-08-31,1406.5800,17.4700
2012-09-04,1404.9399,17.9800
2012-09-05,1403.4399,17.7400
2012-09-06,1432.1200,15.6000
2012-09-07,1437.9200,14.3800
2012-09-10,1429.0800,16.2800
2012-09-11,1433.5601,16.4100
2012-09-12,1436.5601,15.8000
2012-09-13,1459.9900,14.0500
2012-09-14,1465.7700,14.5100
2012-09-17,1461.1899,14.5900
2012-09-18,1459.3199,14.1800
2012-09-19,1461.0500,13.8800
2012-09-20,1460.2600,14.0700
2012-09-21,1460.1500,13.9800
2012-09-24,1456.8900,14.1500
2012-09-25,1441.5900,15.4300
2012-09-26,1433.3199,16.8100
2012-09-27,1447.1500,14.8400
2012-09-28,1440.6700,15.7300
2012-10-01,1444.4900,16.3200
2012-10-02,1445.7500,15.7100
2012-10-03,1450.9900,15.4300
2012-10-04,1461.4000,14.5500
2012-10-05,1460.9301,14.3300
2012-10-08,1455.8800,15.1100
2012-10-09,1441.4800,16.3700
2012-10-10,1432.5601,16.2900
2012-10-11,1432.8400,15.5900
2012-10-12,1428.5900,16.1400
2012-10-15,1440.1300,15.2700
2012-10-16,1454.9200,15.2200
2012-10-17,1460.9100,15.0700
2012-10-18,1457.3400,15.0300
2012-10-19,1433.1899,17.0600
2012-10-22,1433.8199,16.6200
2012-10-23,1413.1100,18.8300
2012-10-24,1408.7500,18.3300
2012-10-25,1412.9700,18.1200
2012-10-26,1411.9399,17.8100
2012-10-31,1412.1600,18.6000
2012-11-01,1427.5900,16.6900
2012-11-02,1414.2000,17.5900
2012-11-05,1417.2600,18.4200
2012-11-06,1428.3900,17.5800
2012-11-07,1394.5300,19.0800
2012-11-08,1377.5100,18.4900
2012-11-09,1379.8500,18.6100
2012-11-12,1380.0300,16.6800
2012-11-13,1374.5300,16.6500
2012-11-14,1355.4900,17.9200
2012-11-15,1353.3300,17.9900
2012-11-16,1359.8800,16.4100
2012-11-19,1386.8900,15.2400
2012-11-20,1387.8101,15.0800
2012-11-21,1391.0300,15.3100
2012-11-23,1409.1500,15.1400
2012-11-26,1406.2900,15.5000
2012-11-27,1398.9399,15.9200
2012-11-28,1409.9301,15.5100
2012-11-29,1415.9500,15.0600
2012-11-30,1416.1801,15.8700
2012-12-03,1409.4600,16.6400
2012-12-04,1407.0500,17.1200
2012-12-05,1409.2800,16.4600
2012-12-06,1413.9399,16.5800
2012-12-07,1418.0699,15.9000
2012-12-10,1418.5500,16.0500
2012-12-11,1427.8400,15.5700
2012-12-12,1428.4800,15.9500
2012-12-13,1419.4500,16.5600
2012-12-14,1413.5800,17.0000
2012-12-17,1430.3600,16.3400
2012-12-18,1446.7900,15.5700
2012-12-19,1435.8101,17.3600
2012-12-20,1443.6899,17.6700
2012-12-21,1430.1500,17.8400
2012-12-24,1426.6600,17.8400
2012-12-26,1419.8300,19.4800
2012-12-27,1418.1000,19.4700
2012-12-28,1402.4301,22.7200
2012-12-31,1426.1899,18.0200
2013-01-02,1462.4200,14.6800
2013-01-03,1459.3700,14.5600
2013-01-04,1466.4700,13.8300
2013-01-07,1461.8900,13.7900
2013-01-08,1457.1500,13.6200
2013-01-09,1461.0200,13.8100
2013-01-10,1472.1200,13.4900
2013-01-11,1472.0500,13.3600
2013-01-14,1470.6801,13.5200
2013-01-15,1472.3400,13.5500
2013-01-16,1472.6300,13.4200
2013-01-17,1480.9399,13.5700
2013-01-18,1485.9800,12.4600
2013-01-22,1492.5601,12.4300
2013-01-23,1494.8101,12.4600
2013-01-24,1494.8199,12.6900
2013-01-25,1502.9600,12.8900
2013-01-28,1500.1801,13.5700
2013-01-29,1507.8400,13.3100
2013-01-30,1501.9600,14.3200
2013-01-31,1498.1100,14.2800
2013-02-01,1513.1700,12.9000
2013-02-04,1495.7100,14.6700
2013-02-05,1511.2900,13.7200
2013-02-06,1512.1200,13.4100
2013-02-07,1509.3900,13.5000
2013-02-08,1517.9301,13.0200
2013-02-11,1517.0100,12.9400
2013-02-12,1519.4301,12.6400
2013-02-13,1520.3300,12.9800
2013-02-14,1521.3800,12.6600
2013-02-15,1519.7900,12.4600
2013-02-19,1530.9399,12.3100
2013-02-20,1511.9500,14.6800
2013-02-21,1502.4200,15.2200
2013-02-22,1515.6000,14.1700
2013-02-25,1487.8500,18.9900
2013-02-26,1496.9399,16.8700
2013-02-27,1515.9900,14.7300
2013-02-28,1514.6801,15.5100
2013-03-01,1518.2000,15.3600
2013-03-04,1525.2000,14.0100
2013-03-05,1539.7900,13.4800
2013-03-06,1541.4600,13.5300
2013-03-07,1544.2600,13.0600
2013-03-08,1551.1801,12.5900
2013-03-11,1556.2200,11.5600
2013-03-12,1552.4800,12.2700
2013-03-13,1554.5200,11.8300
2013-03-14,1563.2300,11.3000
2013-03-15,1560.7000,11.3000
2013-03-18,1552.1000,13.3600
2013-03-19,1548.3400,14.3900
2013-03-20,1558.7100,12.6700
2013-03-21,1545.8000,13.9900
2013-03-22,1556.8900,13.5700
2013-03-25,1551.6899,13.7400
2013-03-26,1563.7700,12.7700
2013-03-27,1562.8500,13.1500
2013-03-28,1569.1899,12.7000
2013-04-01,1562.1700,13.5800
2013-04-02,1570.2500,12.7800
2013-04-03,1553.6899,14.2100
2013-04-04,1559.9800,13.8900
2013-04-05,1553.2800,13.9200
2013-04-08,1563.0699,13.1900
2013-04-09,1568.6100,12.8400
2013-04-10,1587.7300,12.3600
2013-04-11,1593.3700,12.2400
2013-04-12,1588.8500,12.0600
2013-04-15,1552.3600,17.2700
2013-04-16,1574.5699,13.9600
2013-04-17,1552.0100,16.5100
2013-04-18,1541.6100,17.5600
2013-04-19,1555.2500,14.9700
2013-04-22,1562.5000,14.3900
2013-04-23,1578.7800,13.4800
2013-04-24,1578.7900,13.6100
2013-04-25,1585.1600,13.6200
2013-04-26,1582.2400,13.6100
2013-04-29,1593.6100,13.7100
2013-04-30,1597.5699,13.5200
2013-05-01,1582.7000,14.4900
2013-05-02,1597.5900,13.5900
2013-05-03,1614.4200,12.8500
2013-05-06,1617.5000,12.6600
2013-05-07,1625.9600,12.8300
2013-05-08,1632.6899,12.6600
2013-05-09,1626.6700,13.1300
2013-05-10,1633.7000,12.5900
2013-05-13,1633.7700,12.5500
2013-05-14,1650.3400,12.7700
2013-05-15,1658.7800,12.8100
2013-05-16,1650.4700,13.0700
2013-05-17,1667.4700,12.4500
2013-05-20,1666.2900,13.0200
2013-05-21,1669.1600,13.3700
2013-05-22,1655.3500,13.8200
2013-05-23,1650.5100,14.0700
2013-05-24,1649.6000,13.9900
2013-05-28,1660.0601,14.4800
2013-05-29,1648.3600,14.8300
2013-05-30,1654.4100,14.5300
2013-05-31,1630.7400,16.3000
2013-06-03,1640.4200,16.2800
2013-06-04,1631.3800,16.2700
2013-06-05,1608.9000,17.5000
2013-06-06,1622.5601,16.6300
2013-06-07,1643.3800,15.1400
2013-06-10,1642.8101,15.4400
2013-06-11,1626.1300,17.0700
2013-06-12,1612.5200,18.5900
2013-06-13,1636.3600,16.4100
2013-06-14,1626.7300,17.1500
2013-06-17,1639.0400,16.8000
2013-06-18,1651.8101,16.6100
2013-06-19,1628.9301,16.6400
2013-06-20,1588.1899,20.4900
2013-06-21,1592.4301,18.9000
2013-06-24,1573.0900,20.1100
2013-06-25,1588.0300,18.4700
2013-06-26,1603.2600,17.2100
2013-06-27,1613.2000,16.8600
2013-06-28,1606.2800,16.8600
2013-07-01,1614.9600,16.3700
2013-07-02,1614.0800,16.4400
2013-07-03,1615.4100,16.2000
2013-07-05,1631.8900,14.8900
2013-07-08,1640.4600,14.7800
2013-07-09,1652.3199,14.3500
2013-07-10,1652.6200,14.2100
2013-07-11,1675.0200,14.0100
2013-07-12,1680.1899,13.8400
2013-07-15,1682.5000,13.7900
2013-07-16,1676.2600,14.4200
2013-07-17,1680.9100,13.7800
2013-07-18,1689.3700,13.7700
2013-07-19,1692.0900,12.5400
2013-07-22,1695.5300,12.2900
2013-07-23,1692.3900,12.6600
2013-07-24,1685.9399,13.1800
2013-07-25,1690.2500,12.9700
2013-07-26,1691.6500,12.7200
2013-07-29,1685.3300,13.3900
2013-07-30,1685.9600,13.3900
2013-07-31,1685.7300,13.4500
2013-08-01,1706.8700,12.9400
2013-08-02,1709.6700,11.9800
2013-08-05,1707.1400,11.8400
2013-08-06,1697.3700,12.7200
2013-08-07,1690.9100,12.9800
2013-08-08,1697.4800,12.7300
2013-08-09,1691.4200,13.4100
2013-08-12,1689.4700,12.8100
2013-08-13,1694.1600,12.3100
2013-08-14,1685.3900,13.0400
2013-08-15,1661.3199,14.7300
2013-08-16,1655.8300,14.3700
2013-08-19,1646.0601,15.1000
2013-08-20,1652.3500,14.9100
2013-08-21,1642.8000,15.9400
2013-08-22,1656.9600,14.7600
2013-08-23,1663.5000,13.9800
2013-08-26,1656.7800,14.9900
2013-08-27,1630.4800,16.7700
2013-08-28,1634.9600,16.4900
2013-08-29,1638.1700,16.8100
2013-08-30,1632.9700,17.0100
2013-09-03,1639.7700,16.6100
2013-09-04,1653.0800,15.8800
2013-09-05,1655.0800,15.7700
2013-09-06,1655.1700,15.8500
2013-09-09,1671.7100,15.6300
2013-09-10,1683.9900,14.5300
2013-09-11,1689.1300,13.8200
2013-09-12,1683.4200,14.2900
2013-09-13,1687.9900,14.1600
2013-09-16,1697.6000,14.3800
2013-09-17,1704.7600,14.5300
2013-09-18,1725.5200,13.5900
2013-09-19,1722.3400,13.1600
2013-09-20,1709.9100,13.1200
2013-09-23,1701.8400,14.3100
2013-09-24,1697.4200,14.0800
2013-09-25,1692.7700,14.0100
2013-09-26,1698.6700,14.0600
2013-09-27,1691.7500,15.4600
2013-09-30,1681.5500,16.6000
2013-10-01,1695.0000,15.5400
2013-10-02,1693.8700,16.6000
2013-10-03,1678.6600,17.6700
2013-10-04,1690.5000,16.7400
2013-10-07,1676.1200,19.4100
2013-10-08,1655.4500,20.3400
2013-10-09,1656.4000,19.6000
2013-10-10,1692.5601,16.4800
2013-10-11,1703.2000,15.7200
2013-10-14,1710.1400,16.0700
2013-10-15,1698.0601,18.6600
2013-10-16,1721.5400,14.7100
2013-10-17,1733.1500,13.4800
2013-10-18,1744.5000,13.0400
2013-10-21,1744.6600,13.1600
2013-10-22,1754.6700,13.3300
2013-10-23,1746.3800,13.4200
2013-10-24,1752.0699,13.2000
2013-10-25,1759.7700,13.0900
2013-10-28,1762.1100,13.3100
2013-10-29,1771.9500,13.4100
2013-10-30,1763.3101,13.6500
2013-10-31,1756.5400,13.7500
2013-11-01,1761.6400,13.2800
2013-11-04,1767.9301,12.9300
2013-11-05,1762.9700,13.2700
2013-11-06,1770.4900,12.6700
2013-11-07,1747.1500,13.9100
2013-11-08,1770.6100,12.9000
2013-11-11,1771.8900,12.5300
2013-11-12,1767.6899,12.8200
2013-11-13,1782.0000,12.5200
2013-11-14,1790.6200,12.3700
2013-11-15,1798.1801,12.1900
2013-11-18,1791.5300,13.1000
2013-11-19,1787.8700,13.3900
2013-11-20,1781.3700,13.4000
2013-11-21,1795.8500,12.6600
2013-11-22,1804.7600,12.2600
2013-11-25,1802.4800,12.7900
2013-11-26,1802.7500,12.8100
2013-11-27,1807.2300,12.9800
2013-11-29,1805.8101,13.7000
2013-12-02,1800.9000,14.2300
2013-12-03,1795.1500,14.5500
2013-12-04,1792.8101,14.7000
2013-12-05,1785.0300,15.0800
2013-12-06,1805.0900,13.7900
2013-12-09,1808.3700,13.4900
2013-12-10,1802.6200,13.9100
2013-12-11,1782.2200,15.4200
2013-12-12,1775.5000,15.5400
2013-12-13,1775.3199,15.7600
2013-12-16,1786.5400,16.0300
2013-12-17,1781.0000,16.2100
2013-12-18,1810.6500,13.8000
2013-12-19,1809.6000,14.1500
2013-12-20,1818.3199,13.7900
2013-12-23,1827.9900,13.0400
2013-12-24,1833.3199,12.4800
2013-12-26,1842.0200,12.3300
2013-12-27,1841.4000,12.4600
2013-12-30,1841.0699,13.5600
2013-12-31,1848.3600,13.7200
2014-01-02,1831.9800,14.2300
2014-01-03,1831.3700,13.7600
2014-01-06,1826.7700,13.5500
2014-01-07,1837.8800,12.9200
2014-01-08,1837.4900,12.8700
2014-01-09,1838.1300,12.8900
2014-01-10,1842.3700,12.1400
2014-01-13,1819.2000,13.2800
2014-01-14,1838.8800,12.2800
2014-01-15,1848.3800,12.2800
2014-01-16,1845.8900,12.5300
2014-01-17,1838.7000,12.4400
2014-01-21,1843.8000,12.8700
2014-01-22,1844.8600,12.8400
2014-01-23,1828.4600,13.7700
2014-01-24,1790.2900,18.1400
2014-01-27,1781.5601,17.4200
2014-01-28,1792.5000,15.8000
2014-01-29,1774.2000,17.3500
2014-01-30,1794.1899,17.2900
2014-01-31,1782.5900,18.4100
2014-02-03,1741.8900,21.4400
2014-02-04,1755.2000,19.1100
2014-02-05,1751.6400,19.9500
2014-02-06,1773.4301,17.2300
2014-02-07,1797.0200,15.2900
2014-02-10,1799.8400,15.2600
2014-02-11,1819.7500,14.5100
2014-02-12,1819.2600,14.3000
2014-02-13,1829.8300,14.1400
2014-02-14,1838.6300,13.5700
2014-02-18,1840.7600,13.8700
2014-02-19,1828.7500,15.5000
2014-02-20,1839.7800,14.7900
2014-02-21,1836.2500,14.6800
2014-02-24,1847.6100,14.2300
2014-02-25,1845.1200,13.6700
2014-02-26,1845.1600,14.3500
2014-02-27,1854.2900,14.0400
2014-02-28,1859.4500,14.0000
2014-03-03,1845.7300,16.0000
2014-03-04,1873.9100,14.1000
2014-03-05,1873.8101,13.8900
2014-03-06,1877.0300,14.2100
2014-03-07,1878.0400,14.1100
2014-03-10,1877.1700,14.2000
2014-03-11,1867.6300,14.8000
2014-03-12,1868.2000,14.4700
2014-03-13,1846.3400,16.2200
2014-03-14,1841.1300,17.8200
2014-03-17,1858.8300,15.6400
2014-03-18,1872.2500,14.5200
2014-03-19,1860.7700,15.1200
2014-03-20,1872.0100,14.5200
2014-03-21,1866.5200,15.0000
2014-03-24,1857.4399,15.0900
2014-03-25,1865.6200,14.0200
2014-03-26,1852.5601,14.9300
2014-03-27,1849.0400,14.6200
2014-03-28,1857.6200,14.4100
2014-03-31,1872.3400,13.8800
2014-04-01,1885.5200,13.1000
2014-04-02,1890.9000,13.0900
2014-04-03,1888.7700,13.3700
2014-04-04,1865.0900,13.9600
2014-04-07,1845.0400,15.5700
2014-04-08,1851.9600,14.8900
2014-04-09,1872.1801,13.8200
2014-04-10,1833.0800,15.8900
2014-04-11,1815.6899,17.0300
2014-04-14,1830.6100,16.1100
2014-04-15,1842.9800,15.6100
2014-04-16,1862.3101,14.1800
2014-04-17,1864.8500,13.3600
2014-04-21,1871.8900,13.2500
2014-04-22,1879.5500,13.1900
2014-04-23,1875.3900,13.2700
2014-04-24,1878.6100,13.3200
2014-04-25,1863.4000,14.0600
2014-04-28,1869.4301,13.9700
2014-04-29,1878.3300,13.7100
2014-04-30,1883.9500,13.4100
2014-05-01,1883.6801,13.2500
2014-05-02,1881.1400,12.9100
2014-05-05,1884.6600,13.2900
2014-05-06,1867.7200,13.8000
2014-05-07,1878.2100,13.4000
2014-05-08,1875.6300,13.4300
2014-05-09,1878.4800,12.9200
2014-05-12,1896.6500,12.2300
2014-05-13,1897.4500,12.1300
2014-05-14,1888.5300,12.1700
2014-05-15,1870.8500,13.1700
2014-05-16,1877.8600,12.4400
2014-05-19,1885.0800,12.4200
2014-05-20,1872.8300,12.9600
2014-05-21,1888.0300,11.9100
2014-05-22,1892.4900,12.0300
2014-05-23,1900.5300,11.3600
2014-05-27,1911.9100,11.5100
2014-05-28,1909.7800,11.6800
2014-05-29,1920.0300,11.5700
2014-05-30,1923.5699,11.4000
2014-06-02,1924.9700,11.5800
2014-06-03,1924.2400,11.8700
2014-06-04,1927.8800,12.0800
2014-06-05,1940.4600,11.6800
2014-06-06,1949.4399,10.7300
2014-06-09,1951.2700,11.1500
2014-06-10,1950.7900,10.9900
2014-06-11,1943.8900,11.6000
2014-06-12,1930.1100,12.5600
2014-06-13,1936.1600,12.1800
2014-06-16,1937.7800,12.6500
2014-06-17,1941.9900,12.0600
2014-06-18,1956.9800,10.6100
2014-06-19,1959.4800,10.6200
2014-06-20,1962.8700,10.8500
2014-06-23,1962.6100,10.9800
2014-06-24,1949.9800,12.1300
2014-06-25,1959.5300,11.5900
2014-06-26,1957.2200,11.6300
2014-06-27,1960.9600,11.2600
2014-06-30,1960.2300,11.5700
2014-07-01,1973.3199,11.1500
2014-07-02,1974.6200,10.8200
2014-07-03,1985.4399,10.3200
2014-07-07,1977.6500,11.3300
2014-07-08,1963.7100,11.9800
2014-07-09,1972.8300,11.6500
2014-07-10,1964.6801,12.5900
2014-07-11,1967.5699,12.0800
2014-07-14,1977.1000,11.8200
2014-07-15,1973.2800,11.9600
2014-07-16,1981.5699,11.0000
2014-07-17,1958.1200,14.5400
2014-07-18,1978.2200,12.0600
2014-07-21,1973.6300,12.8100
2014-07-22,1983.5300,12.2400
2014-07-23,1987.0100,11.5200
2014-07-24,1987.9800,11.8400
2014-07-25,1978.3400,12.6900
2014-07-28,1978.9100,12.5600
2014-07-29,1969.9500,13.2800
2014-07-30,1970.0699,13.3300
2014-07-31,1930.6700,16.9500
2014-08-01,1925.1500,17.0300
2014-08-04,1938.9900,15.1200
2014-08-05,1920.2100,16.8700
2014-08-06,1920.2400,16.3700
2014-08-07,1909.5699,16.6600
2014-08-08,1931.5900,15.7700
2014-08-11,1936.9200,14.2300
2014-08-12,1933.7500,14.1300
2014-08-13,1946.7200,12.9000
2014-08-14,1955.1801,12.4200
2014-08-15,1955.0601,13.1500
2014-08-18,1971.7400,12.3200
2014-08-19,1981.6000,12.2100
2014-08-20,1986.5100,11.7800
2014-08-21,1992.3700,11.7600
2014-08-22,1988.4000,11.4700
2014-08-25,1997.9200,11.7000
2014-08-26,2000.0200,11.6300
2014-08-27,2000.1200,11.7800
2014-08-28,1996.7400,12.0500
2014-08-29,2003.3700,12.0900
2014-09-02,2002.2800,12.2500
2014-09-03,2000.7200,12.3600
2014-09-04,1997.6500,12.6400
2014-09-05,2007.7100,12.0900
2014-09-08,2001.5400,12.6600
2014-09-09,1988.4399,13.5000
2014-09-10,1995.6899,12.8800
2014-09-11,1997.4500,12.8000
2014-09-12,1985.5400,13.3100
2014-09-15,1984.1300,14.1200
2014-09-16,1998.9800,12.7300
2014-09-17,2001.5699,12.6500
2014-09-18,2011.3600,12.0300
2014-09-19,2010.4000,12.1100
2014-09-22,1994.2900,13.6900
2014-09-23,1982.7700,14.9300
2014-09-24,1998.3000,13.2700
2014-09-25,1965.9900,15.6400
2014-09-26,1982.8500,14.8500
2014-09-29,1977.8000,15.9800
2014-09-30,1972.2900,16.3100
2014-10-01,1946.1600,16.7100
2014-10-02,1946.1700,16.1600
2014-10-03,1967.9000,14.5500
2014-10-06,1964.8199,15.4600
2014-10-07,1935.1000,17.2000
2014-10-08,1968.8900,15.1100
2014-10-09,1928.2100,18.7600
2014-10-10,1906.1300,21.2400
2014-10-13,1874.7400,24.6400
2014-10-14,1877.7000,22.7900
2014-10-15,1862.4900,25.2700
2014-10-16,1862.7600,25.2000
2014-10-17,1886.7600,21.9900
2014-10-20,1904.0100,18.5700
2014-10-21,1941.2800,16.0800
2014-10-22,1927.1100,17.8700
2014-10-23,1950.8199,16.5300
2014-10-24,1964.5800,16.1100
2014-10-27,1961.6300,16.0400
2014-10-28,1985.0500,14.3900
2014-10-29,1982.3000,15.1500
2014-10-30,1994.6500,14.5200
2014-10-31,2018.0500,14.0300
2014-11-03,2017.8101,14.7300
2014-11-04,2012.1000,14.8900
2014-11-05,2023.5699,14.1700
2014-11-06,2031.2100,13.6700
2014-11-07,2031.9200,13.1200
2014-11-10,2038.2600,12.6700
2014-11-11,2039.6801,12.9200
2014-11-12,2038.2500,13.0200
2014-11-13,2039.3300,13.7900
2014-11-14,2039.8199,13.3100
2014-11-17,2041.3199,13.9900
2014-11-18,2051.8000,13.8600
2014-11-19,2048.7200,13.9600
2014-11-20,2052.7500,13.5800
2014-11-21,2063.5000,12.9000
2014-11-24,2069.4099,12.6200
2014-11-25,2067.0300,12.2500
2014-11-26,2072.8301,12.0700
2014-11-28,2067.5601,13.3300
2014-12-01,2053.4399,14.1600
2014-12-02,2066.5500,12.8500
2014-12-03,2074.3301,12.5000
2014-12-04,2071.9199,12.3800
2014-12-05,2075.3701,11.8900
2014-12-08,2060.3101,14.2100
2014-12-09,2059.8201,15.3500
2014-12-10,2026.1400,18.5300
2014-12-11,2035.3300,20.0800
2014-12-12,2002.3300,21.0800
2014-12-15,1989.6300,20.4200
2014-12-16,1972.7400,23.5700
2014-12-17,2012.8900,19.4400
2014-12-18,2061.2300,16.8100
2014-12-19,2070.6499,16.4900
2014-12-22,2078.5400,15.2500
2014-12-23,2082.1699,14.8000
2014-12-24,2081.8799,14.3700
2014-12-26,2088.7700,14.5000
2014-12-29,2090.5701,15.0600
2014-12-30,2080.3501,15.9200
2014-12-31,2058.8999,19.2000
2015-01-02,2058.2000,17.7900
2015-01-05,2020.5800,19.9200
2015-01-06,2002.6100,21.1200
2015-01-07,2025.9000,19.3100
2015-01-08,2062.1399,17.0100
2015-01-09,2044.8101,17.5500
2015-01-12,2028.2600,19.6000
2015-01-13,2023.0300,20.5600
2015-01-14,2011.2700,21.4800
2015-01-15,1992.6700,22.3900
2015-01-16,2019.4200,20.9500
2015-01-20,2022.5500,19.8900
2015-01-21,2032.1200,18.8500
2015-01-22,2063.1499,16.4000
2015-01-23,2051.8201,16.6600
2015-01-26,2057.0901,15.5200
2015-01-27,2029.5500,17.2200
2015-01-28,2002.1600,20.4400
2015-01-29,2021.2500,18.7600
2015-01-30,1994.9900,20.9700
2015-02-02,2020.8500,19.4300
2015-02-03,2050.0300,17.3300
2015-02-04,2041.5100,18.3300
2015-02-05,2062.5200,16.8500
2015-02-06,2055.4700,17.2900
2015-02-09,2046.7400,18.5500
2015-02-10,2068.5901,17.2300
2015-02-11,2068.5300,16.9600
2015-02-12,2088.4800,15.3400
2015-02-13,2096.9900,14.6900
2015-02-17,2100.3401,15.8000
2015-02-18,2099.6799,15.4500
2015-02-19,2097.4500,15.2900
2015-02-20,2110.3000,14.3000
2015-02-23,2109.6599,14.5600
2015-02-24,2115.4800,13.6900
2015-02-25,2113.8601,13.8400
2015-02-26,2110.7400,13.9100
2015-02-27,2104.5000,13.3400
2015-03-02,2117.3899,13.0400
2015-03-03,2107.7800,13.8600
2015-03-04,2098.5300,14.2300
2015-03-05,2101.0400,14.0400
2015-03-06,2071.2600,15.2000
2015-03-09,2079.4299,15.0600
2015-03-10,2044.1600,16.6900
2015-03-11,2040.2400,16.8700
2015-03-12,2065.9500,15.4200
2015-03-13,2053.3999,16.0000
2015-03-16,2081.1899,15.6100
2015-03-17,2074.2800,15.6600
2015-03-18,2099.5000,13.9700
2015-03-19,2089.2700,14.0700
2015-03-20,2108.1001,13.0200
2015-03-23,2104.4199,13.4100
2015-03-24,2091.5000,13.6200
2015-03-25,2061.0500,15.4400
2015-03-26,2056.1499,15.8000
2015-03-27,2061.0200,15.0700
2015-03-30,2086.2400,14.5100
2015-03-31,2067.8899,15.2900
2015-04-01,2059.6899,15.1100
2015-04-02,2066.9600,14.6700
2015-04-06,2080.6201,14.7400
2015-04-07,2076.3301,14.7800
2015-04-08,2081.8999,13.9800
2015-04-09,2091.1799,13.0900
2015-04-10,2102.0601,12.5800
2015-04-13,2092.4299,13.9400
2015-04-14,2095.8401,13.6700
2015-04-15,2106.6299,12.8400
2015-04-16,2104.9900,12.6000
2015-04-17,2081.1799,13.8900
2015-04-20,2100.3999,13.3000
2015-04-21,2097.2900,13.2500
2015-04-22,2107.9600,12.7100
2015-04-23,2112.9299,12.4800
2015-04-24,2117.6899,12.2900
2015-04-27,2108.9199,13.1200
2015-04-28,2114.7600,12.4100
2015-04-29,2106.8501,13.3900
2015-04-30,2085.5100,14.5500
2015-05-01,2108.2900,12.7000
2015-05-04,2114.4900,12.8500
2015-05-05,2089.4600,14.3100
2015-05-06,2080.1499,15.1500
2015-05-07,2088.0000,15.1300
2015-05-08,2116.1001,12.8600
2015-05-11,2105.3301,13.8500
2015-05-12,2099.1201,13.8600
2015-05-13,2098.4800,13.7600
2015-05-14,2121.1001,12.7400
2015-05-15,2122.7300,12.3800
2015-05-18,2129.2000,12.7300
2015-05-19,2127.8301,12.8500
2015-05-20,2125.8501,12.8800
2015-05-21,2130.8201,12.1100
2015-05-22,2126.0601,12.1300
2015-05-26,2104.2000,14.0600
2015-05-27,2123.4800,13.2700
2015-05-28,2120.7900,13.3100
2015-05-29,2107.3899,13.8400
2015-06-01,2111.7300,13.9700
2015-06-02,2109.6001,14.2400
2015-06-03,2114.0701,13.6600
2015-06-04,2095.8401,14.7100
2015-06-05,2092.8301,14.2100
2015-06-08,2079.2800,15.2900
2015-06-09,2080.1499,14.4700
2015-06-10,2105.2000,13.2200
2015-06-11,2108.8601,12.8500
2015-06-12,2094.1101,13.7800
2015-06-15,2084.4299,15.3900
2015-06-16,2096.2900,14.8100
2015-06-17,2100.4399,14.5000
2015-06-18,2121.2400,13.1900
2015-06-19,2109.9900,13.9600
2015-06-22,2122.8501,12.7400
2015-06-23,2124.2000,12.1100
2015-06-24,2108.5801,13.2600
2015-06-25,2102.3101,14.0100
2015-06-26,2101.4900,14.0200
2015-06-29,2057.6399,18.8500
2015-06-30,2063.1101,18.2300
2015-07-01,2077.4199,16.0900
2015-07-02,2076.7800,16.7900
2015-07-06,2068.7600,17.0100
2015-07-07,2081.3401,16.0900
2015-07-08,2046.6801,19.6600
2015-07-09,2051.3101,19.9700
2015-07-10,2076.6201,16.8300
2015-07-13,2099.6001,13.9000
2015-07-14,2108.9500,13.3700
2015-07-15,2107.3999,13.2300
2015-07-16,2124.2900,12.1100
2015-07-17,2126.6399,11.9500
2015-07-20,2128.2800,12.2500
2015-07-21,2119.2100,12.2200
2015-07-22,2114.1499,12.1200
2015-07-23,2102.1499,12.6400
2015-07-24,2079.6499,13.7400
2015-07-27,2067.6399,15.6000
2015-07-28,2093.2500,13.4400
2015-07-29,2108.5701,12.5000
2015-07-30,2108.6299,12.1300
2015-07-31,2103.8401,12.1200
2015-08-03,2098.0400,12.5600
2015-08-04,2093.3201,13.0000
2015-08-05,2099.8401,12.5100
2015-08-06,2083.5601,13.7700
2015-08-07,2077.5701,13.3900
2015-08-10,2104.1799,12.2300
2015-08-11,2084.0701,13.7100
2015-08-12,2086.0500,13.6100
2015-08-13,2083.3899,13.4900
2015-08-14,2091.5400,12.8300
2015-08-17,2102.4399,13.0200
2015-08-18,2096.9199,13.7900
2015-08-19,2079.6101,15.2500
2015-08-20,2035.7300,19.1400
2015-08-21,1970.8900,28.0300
2015-08-24,1893.2100,40.7400
2015-08-25,1867.6100,36.0200
2015-08-26,1940.5100,30.3200
2015-08-27,1987.6600,26.1000
2015-08-28,1988.8700,26.0500
2015-08-31,1972.1801,28.4300
2015-09-01,1913.8500,31.4000
2015-09-02,1948.8600,26.0900
2015-09-03,1951.1300,25.6100
2015-09-04,1921.2200,27.8000
2015-09-08,1969.4100,24.9000
2015-09-09,1942.0400,26.2300
2015-09-10,1952.2900,24.3700
2015-09-11,1961.0500,23.2000
2015-09-14,1953.0300,24.2500
2015-09-15,1978.0900,22.5400
2015-09-16,1995.3101,21.3500
2015-09-17,1990.2000,21.1400
2015-09-18,1958.0300,22.2800
2015-09-21,1966.9700,20.1400
2015-09-22,1942.7400,22.4400
2015-09-23,1938.7600,22.1300
2015-09-24,1932.2400,23.4700
2015-09-25,1931.3400,23.6200
2015-09-28,1881.7700,27.6300
2015-09-29,1884.0900,26.8300
2015-09-30,1920.0300,24.5000
2015-10-01,1923.8199,22.5500
2015-10-02,1951.3600,20.9400
2015-10-05,1987.0500,19.5400
2015-10-06,1979.9200,19.4000
2015-10-07,1995.8300,18.4000
2015-10-08,2013.4301,17.4200
2015-10-09,2014.8900,17.0800
2015-10-12,2017.4600,16.1700
2015-10-13,2003.6899,17.6700
2015-10-14,1994.2400,18.0300
2015-10-15,2023.8600,16.0500
2015-10-16,2033.1100,15.0500
2015-10-19,2033.6600,14.9800
2015-10-20,2030.7700,15.7500
2015-10-21,2018.9399,16.7000
2015-10-22,2052.5100,14.4500
2015-10-23,2075.1499,14.4600
2015-10-26,2071.1799,15.2900
2015-10-27,2065.8899,15.4300
2015-10-28,2090.3501,14.3300
2015-10-29,2089.4099,14.6100
2015-10-30,2079.3601,15.0700
2015-11-02,2104.0500,14.1500
2015-11-03,2109.7900,14.5400
2015-11-04,2102.3101,15.5100
2015-11-05,2099.9299,15.0500
2015-11-06,2099.2000,14.3300
2015-11-09,2078.5801,16.5200
2015-11-10,2081.7200,15.2900
2015-11-11,2075.0000,16.0600
2015-11-12,2045.9700,18.3700
2015-11-13,2023.0400,20.0800
2015-11-16,2053.1899,18.1600
2015-11-17,2050.4399,18.8400
2015-11-18,2083.5801,16.8500
2015-11-19,2081.2400,16.9900
2015-11-20,2089.1699,15.4700
2015-11-23,2086.5901,15.6200
2015-11-24,2089.1399,15.9300
2015-11-25,2088.8701,15.1900
2015-11-27,2090.1101,15.1200
2015-11-30,2080.4099,16.1300
2015-12-01,2102.6299,14.6700
2015-12-02,2079.5100,15.9100
2015-12-03,2049.6201,18.1100
2015-12-04,2091.6899,14.8100
2015-12-07,2077.0701,15.8400
2015-12-08,2063.5901,17.6000
2015-12-09,2047.6200,19.6100
2015-12-10,2052.2300,19.3400
2015-12-11,2012.3700,24.3900
2015-12-14,2021.9399,22.7300
2015-12-15,2043.4100,20.9500
2015-12-16,2073.0701,17.8600
2015-12-17,2041.8900,18.9400
2015-12-18,2005.5500,20.7000
2015-12-21,2021.1500,18.7000
2015-12-22,2038.9700,16.6000
2015-12-23,2064.2900,15.5700
2015-12-24,2060.9900,15.7400
2015-12-28,2056.5000,16.9100
2015-12-29,2078.3601,16.0800
2015-12-30,2063.3601,17.2900
2015-12-31,2043.9399,18.2100
2016-01-04,2012.6600,20.7000
2016-01-05,2016.7100,19.3400
2016-01-06,1990.2600,20.5900
2016-01-07,1943.0900,24.9900
2016-01-08,1922.0300,27.0100
2016-01-11,1923.6700,24.3000
2016-01-12,1938.6801,22.4700
2016-01-13,1890.2800,25.2200
2016-01-14,1921.8400,23.9500
2016-01-15,1880.3300,27.0200
2016-01-19,1881.3300,26.0500
2016-01-20,1859.3300,27.5900
2016-01-21,1868.9900,26.6900
2016-01-22,1906.9000,22.3400
2016-01-25,1877.0800,24.1500
2016-01-26,1903.6300,22.5000
2016-01-27,1882.9500,23.1100
2016-01-28,1893.3600,22.4200
2016-01-29,1940.2400,20.2000
2016-02-01,1939.3800,19.9800
2016-02-02,1903.0300,21.9800
2016-02-03,1912.5300,21.6500
2016-02-04,1915.4500,21.8400
2016-02-05,1880.0500,23.3800
2016-02-08,1853.4399,26.0000
2016-02-09,1852.2100,26.5400
2016-02-10,1851.8600,26.2900
2016-02-11,1829.0800,28.1400
2016-02-12,1864.7800,25.4000
2016-02-16,1895.5800,24.1100
2016-02-17,1926.8199,22.3100
2016-02-18,1917.8300,21.6400
2016-02-19,1917.7800,20.5300
2016-02-22,1945.5000,19.3800
2016-02-23,1921.2700,20.9800
2016-02-24,1929.8000,20.7200
2016-02-25,1951.7000,19.1100
2016-02-26,1948.0500,19.8100
2016-02-29,1932.2300,20.5500
2016-03-01,1978.3500,17.7000
2016-03-02,1986.4500,17.0900
2016-03-03,1993.4000,16.7000
2016-03-04,1999.9900,16.8600
2016-03-07,2001.7600,17.3500
2016-03-08,1979.2600,18.6700
2016-03-09,1989.2600,18.3400
2016-03-10,1989.5699,18.0500
2016-03-11,2022.1899,16.5000
2016-03-14,2019.6400,16.9200
2016-03-15,2015.9301,16.8400
2016-03-16,2027.2200,14.9900
2016-03-17,2040.5900,14.4400
2016-03-18,2049.5801,14.0200
2016-03-21,2051.6001,13.7900
2016-03-22,2049.8000,14.1700
2016-03-23,2036.7100,14.9400
2016-03-24,2035.9399,14.7400
2016-03-28,2037.0500,15.2400
2016-03-29,2055.0100,13.8200
2016-03-30,2063.9500,13.5600
2016-03-31,2059.7400,13.9500
2016-04-01,2072.7800,13.1000
2016-04-04,2066.1299,14.1200
2016-04-05,2045.1700,15.4200
2016-04-06,2066.6599,14.0900
2016-04-07,2041.9100,16.1600
2016-04-08,2047.6000,15.3600
2016-04-11,2041.9900,16.2600
2016-04-12,2061.7200,14.8500
2016-04-13,2082.4199,13.8400
2016-04-14,2082.7800,13.7200
2016-04-15,2080.7300,13.6200
2016-04-18,2094.3401,13.3500
2016-04-19,2100.8000,13.2400
2016-04-20,2102.3999,13.2800
2016-04-21,2091.4800,13.9500
2016-04-22,2091.5801,13.2200
2016-04-25,2087.7900,14.0800
2016-04-26,2091.7000,13.9600
2016-04-27,2095.1499,13.7700
2016-04-28,2075.8101,15.2200
2016-04-29,2065.3000,15.7000
2016-05-02,2081.4299,14.6800
2016-05-03,2063.3701,15.6000
2016-05-04,2051.1201,16.0500
2016-05-05,2050.6299,15.9100
2016-05-06,2057.1399,14.7200
2016-05-09,2058.6899,14.5700
2016-05-10,2084.3899,13.6300
2016-05-11,2064.4600,14.6900
2016-05-12,2064.1101,14.4100
2016-05-13,2046.6100,15.0400
2016-05-16,2066.6599,14.6800
2016-05-17,2047.2100,15.5700
2016-05-18,2047.6300,15.9500
2016-05-19,2040.0400,16.3300
2016-05-20,2052.3201,15.2000
2016-05-23,2048.0400,15.8200
2016-05-24,2076.0601,14.4200
2016-05-25,2090.5400,13.9000
2016-05-26,2090.1001,13.4300
2016-05-27,2099.0601,13.1200
2016-05-31,2096.9500,14.1900
2016-06-01,2099.3301,14.2000
2016-06-02,2105.2600,13.6300
2016-06-03,2099.1299,13.4700
2016-06-06,2109.4099,13.6500
2016-06-07,2112.1299,14.0500
2016-06-08,2119.1201,14.0800
2016-06-09,2115.4800,14.6400
2016-06-10,2096.0701,17.0300
2016-06-13,2079.0601,20.9700
2016-06-14,2075.3201,20.5000
2016-06-15,2071.5000,20.1400
2016-06-16,2077.9900,19.3700
2016-06-17,2071.2200,19.4100
2016-06-20,2083.2500,18.3700
2016-06-21,2088.8999,18.4800
2016-06-22,2085.4500,21.1700
2016-06-23,2113.3201,17.2500
2016-06-24,2037.4100,25.7600
2016-06-27,2000.5400,23.8500
2016-06-28,2036.0900,18.7500
2016-06-29,2070.7700,16.6400
2016-06-30,2098.8601,15.6300
2016-07-01,2102.9500,14.7700
2016-07-05,2088.5500,15.5800
2016-07-06,2099.7300,14.9600
2016-07-07,2097.8999,14.7600
2016-07-08,2129.8999,13.2000
2016-07-11,2137.1599,13.5400
2016-07-12,2152.1399,13.5500
2016-07-13,2152.4299,13.0400
2016-07-14,2163.7500,12.8200
2016-07-15,2161.7400,12.6700
2016-07-18,2166.8899,12.4400
2016-07-19,2163.7800,11.9700
2016-07-20,2173.0200,11.7700
2016-07-21,2165.1699,12.7400
2016-07-22,2175.0300,12.0200
2016-07-25,2168.4800,12.8700
2016-07-26,2169.1799,13.0500
2016-07-27,2166.5801,12.8300
2016-07-28,2170.0601,12.7200
2016-07-29,2173.6001,11.8700
2016-08-01,2170.8401,12.4400
2016-08-02,2157.0300,13.3700
2016-08-03,2163.7900,12.8600
2016-08-04,2164.2500,12.4200
2016-08-05,2182.8701,11.3900
2016-08-08,2180.8899,11.5000
2016-08-09,2181.7400,11.6600
2016-08-10,2175.4900,12.0500
2016-08-11,2185.7900,11.6800
2016-08-12,2184.0500,11.5500
2016-08-15,2190.1499,11.8100
2016-08-16,2178.1499,12.6400
2016-08-17,2182.2200,12.1900
2016-08-18,2187.0200,11.4300
2016-08-19,2183.8701,11.3400
2016-08-22,2182.6399,12.2700
2016-08-23,2186.8999,12.3800
2016-08-24,2175.4399,13.4500
2016-08-25,2172.4700,13.6300
2016-08-26,2169.0400,13.6500
2016-08-29,2180.3799,12.9400
2016-08-30,2176.1201,13.1200
2016-08-31,2170.9500,13.4200
2016-09-01,2170.8601,13.4800
2016-09-02,2179.9800,11.9800
2016-09-06,2186.4800,12.0200
2016-09-07,2186.1599,11.9400
2016-09-08,2181.3000,12.5100
2016-09-09,2127.8101,17.5000
2016-09-12,2159.0400,15.1600
2016-09-13,2127.0200,17.8500
2016-09-14,2125.7700,18.1400
2016-09-15,2147.2600,16.3000
2016-09-16,2139.1599,15.3700
2016-09-19,2139.1201,15.5300
2016-09-20,2139.7600,15.9200
2016-09-21,2163.1201,13.3000
2016-09-22,2177.1799,12.0200
2016-09-23,2164.6899,12.2900
2016-09-26,2146.1001,14.5000
2016-09-27,2159.9299,13.1000
2016-09-28,2171.3701,12.3900
2016-09-29,2151.1299,14.0200
2016-09-30,2168.2700,13.2900
2016-10-03,2161.2000,13.5700
2016-10-04,2150.4900,13.6300
2016-10-05,2159.7300,12.9900
2016-10-06,2160.7700,12.8400
2016-10-07,2153.7400,13.4800
2016-10-10,2163.6599,13.3800
2016-10-11,2136.7300,15.3600
2016-10-12,2139.1799,15.9100
2016-10-13,2132.5500,16.6900
2016-10-14,2132.9800,16.1200
2016-10-17,2126.5000,16.2100
2016-10-18,2139.6001,15.2800
2016-10-19,2144.2900,14.4100
2016-10-20,2141.3401,13.7500
2016-10-21,2141.1599,13.3400
2016-10-24,2151.3301,13.0200
2016-10-25,2143.1599,13.4600
2016-10-26,2139.4299,14.2400
2016-10-27,2133.0400,15.3600
2016-10-28,2126.4099,16.1900
2016-10-31,2126.1499,17.0600
2016-11-01,2111.7200,18.5600
2016-11-02,2097.9399,19.3200
2016-11-03,2088.6599,22.0800
2016-11-04,2085.1799,22.5100
2016-11-07,2131.5200,18.7100
2016-11-08,2139.5601,18.7400
2016-11-09,2163.2600,14.3800
2016-11-10,2167.4800,14.7400
2016-11-11,2164.4500,14.1700
2016-11-14,2164.2000,14.4800
2016-11-15,2180.3899,13.3700
2016-11-16,2176.9399,13.7200
2016-11-17,2187.1201,13.3500
2016-11-18,2181.8999,12.8500
2016-11-21,2198.1799,12.4200
2016-11-22,2202.9399,12.4100
2016-11-23,2204.7200,12.4300
2016-11-25,2213.3501,12.3400
2016-11-28,2201.7200,13.1500
2016-11-29,2204.6599,12.9000
2016-11-30,2198.8101,13.3300
2016-12-01,2191.0801,14.0700
2016-12-02,2191.9500,14.1200
2016-12-05,2204.7100,12.1400
2016-12-06,2212.2300,11.7900
2016-12-07,2241.3501,12.2200
2016-12-08,2246.1899,12.6400
2016-12-09,2259.5300,11.7500
2016-12-12,2256.9600,12.6400
2016-12-13,2271.7200,12.7200
2016-12-14,2253.2800,13.1900
2016-12-15,2262.0300,12.7900
2016-12-16,2258.0701,12.2000
2016-12-19,2262.5300,11.7100
2016-12-20,2270.7600,11.4500
2016-12-21,2265.1799,11.2700
2016-12-22,2260.9600,11.4300
2016-12-23,2263.7900,11.4400
2016-12-27,2268.8799,11.9900
2016-12-28,2249.9199,12.9500
2016-12-29,2249.2600,13.3700
2016-12-30,2238.8301,14.0400
2017-01-03,2257.8301,12.8500
2017-01-04,2270.7500,11.8500
2017-01-05,2269.0000,11.6700
2017-01-06,2276.9800,11.3200
2017-01-09,2268.8999,11.5600
2017-01-10,2268.8999,11.4900
2017-01-11,2275.3201,11.2600
2017-01-12,2270.4399,11.5400
2017-01-13,2274.6399,11.2300
2017-01-17,2267.8899,11.8700
2017-01-18,2271.8899,12.4800
2017-01-19,2263.6899,12.7800
2017-01-20,2271.3101,11.5400
2017-01-23,2265.2000,11.7700
2017-01-24,2280.0701,11.0700
2017-01-25,2298.3701,10.8100
2017-01-26,2296.6799,10.6300
2017-01-27,2294.6899,10.5800
2017-01-30,2280.8999,11.8800
2017-01-31,2278.8701,11.9900
2017-02-01,2279.5500,11.8100
2017-02-02,2280.8501,11.9300
2017-02-03,2297.4199,10.9700
2017-02-06,2292.5601,11.3700
2017-02-07,2293.0801,11.2900
2017-02-08,2294.6699,11.4500
2017-02-09,2307.8701,10.8800
2017-02-10,2316.1001,10.8500
2017-02-13,2328.2500,11.0700
2017-02-14,2337.5801,10.7400
2017-02-15,2349.2500,11.9700
2017-02-16,2347.2200,11.7600
2017-02-17,2351.1599,11.4900
2017-02-21,2365.3799,11.5700
2017-02-22,2362.8201,11.7400
2017-02-23,2363.8101,11.7100
2017-02-24,2367.3401,11.4700
2017-02-27,2369.7500,12.0900
2017-02-28,2363.6399,12.9200
2017-03-01,2395.9600,12.5400
2017-03-02,2381.9199,11.8100
2017-03-03,2383.1201,10.9600
2017-03-06,2375.3101,11.2400
2017-03-07,2368.3899,11.4500
2017-03-08,2362.9800,11.8600
2017-03-09,2364.8701,12.3000
2017-03-10,2372.6001,11.6600
2017-03-13,2373.4700,11.3500
2017-03-14,2365.4500,12.3000
2017-03-15,2385.2600,11.6300
2017-03-16,2381.3799,11.2100
2017-03-17,2378.2500,11.2800
2017-03-20,2373.4700,11.3400
2017-03-21,2344.0200,12.4700
2017-03-22,2348.4500,12.8100
2017-03-23,2345.9600,13.1200
2017-03-24,2343.9800,12.9600
2017-03-27,2341.5901,12.5000
2017-03-28,2358.5701,11.5300
2017-03-29,2361.1299,11.4200
2017-03-30,2368.0601,11.5400
2017-03-31,2362.7200,12.3700
2017-04-03,2358.8401,12.3800
2017-04-04,2360.1599,11.7900
2017-04-05,2352.9500,12.8900
2017-04-06,2357.4900,12.3900
2017-04-07,2355.5400,12.8700
2017-04-10,2357.1599,14.0500
2017-04-11,2353.7800,15.0700
2017-04-12,2344.9299,15.7700
2017-04-13,2328.9500,15.9600
2017-04-17,2349.0100,14.6600
2017-04-18,2342.1899,14.4200
2017-04-19,2338.1699,14.9300
2017-04-20,2355.8401,14.1500
2017-04-21,2348.6899,14.6300
2017-04-24,2374.1499,10.8400
2017-04-25,2388.6101,10.7600
2017-04-26,2387.4500,10.8500
2017-04-27,2388.7700,10.3600
2017-04-28,2384.2000,10.8200
2017-05-01,2388.3301,10.1100
2017-05-02,2391.1699,10.5900
2017-05-03,2388.1299,10.6800
2017-05-04,2389.5200,10.4600
2017-05-05,2399.2900,10.5700
2017-05-08,2399.3799,9.7700
2017-05-09,2396.9199,9.9600
2017-05-10,2399.6299,10.2100
2017-05-11,2394.4399,10.6000
2017-05-12,2390.8999,10.4000
2017-05-15,2402.3201,10.4200
2017-05-16,2400.6699,10.6500
2017-05-17,2357.0300,15.5900
2017-05-18,2365.7200,14.6600
2017-05-19,2381.7300,12.0400
2017-05-22,2394.0200,10.9300
2017-05-23,2398.4199,10.7200
2017-05-24,2404.3899,10.0200
2017-05-25,2415.0701,9.9900
2017-05-26,2415.8201,9.8100
2017-05-30,2412.9099,10.3800
2017-05-31,2411.8000,10.4100
2017-06-01,2430.0601,9.8900
2017-06-02,2439.0701,9.7500
2017-06-05,2436.1001,10.0700
2017-06-06,2429.3301,10.4500
2017-06-07,2433.1399,10.3900
2017-06-08,2433.7900,10.1600
2017-06-09,2431.7700,10.7000
2017-06-12,2429.3899,11.4600
2017-06-13,2440.3501,10.4200
2017-06-14,2437.9199,10.6400
2017-06-15,2432.4600,10.9000
2017-06-16,2433.1499,10.3800
2017-06-19,2453.4600,10.3700
2017-06-20,2437.0300,10.8600
2017-06-21,2435.6101,10.7500
2017-06-22,2434.5000,10.4800
2017-06-23,2438.3000,10.0200
2017-06-26,2439.0701,9.9000
2017-06-27,2419.3799,11.0600
2017-06-28,2440.6899,10.0300
2017-06-29,2419.7000,11.4400
2017-06-30,2423.4099,11.1800
2017-07-03,2429.0100,11.2200
2017-07-05,2432.5400,11.0700
2017-07-06,2409.7500,12.5400
2017-07-07,2425.1799,11.1900
2017-07-10,2427.4299,11.1100
2017-07-11,2425.5300,10.8900
2017-07-12,2443.2500,10.3000
2017-07-13,2447.8301,9.9000
2017-07-14,2459.2700,9.5100
2017-07-17,2459.1399,9.8200
2017-07-18,2460.6101,9.8900
2017-07-19,2473.8301,9.7900
2017-07-20,2473.4500,9.5800
2017-07-21,2472.5400,9.3600
2017-07-24,2469.9099,9.4300
2017-07-25,2477.1299,9.4300
2017-07-26,2477.8301,9.6000
2017-07-27,2475.4199,10.1100
2017-07-28,2472.1001,10.2900
2017-07-31,2470.3000,10.2600
2017-08-01,2476.3501,10.0900
2017-08-02,2477.5701,10.2800
2017-08-03,2472.1599,10.4400
2017-08-04,2476.8301,10.0300
2017-08-07,2480.9099,9.9300
2017-08-08,2474.9199,10.9600
2017-08-09,2474.0200,11.1100
2017-08-10,2438.2100,16.0400
2017-08-11,2441.3201,15.5100
2017-08-14,2465.8401,12.3300
2017-08-15,2464.6101,12.0400
2017-08-16,2468.1101,11.7400
2017-08-17,2430.0100,15.5500
2017-08-18,2425.5500,14.2600
2017-08-21,2428.3701,13.1900
2017-08-22,2452.5100,11.3500
2017-08-23,2444.0400,12.2500
2017-08-24,2438.9700,12.2300
2017-08-25,2443.0500,11.2800
2017-08-28,2444.2400,11.3200
2017-08-29,2446.3000,11.7000
2017-08-30,2457.5901,11.2200
2017-08-31,2471.6499,10.5900
2017-09-01,2476.5500,10.1300
2017-09-05,2457.8501,12.2300
2017-09-06,2465.5400,11.6300
2017-09-07,2465.1001,11.5500
2017-09-08,2461.4299,12.1200
2017-09-11,2488.1101,10.7300
2017-09-12,2496.4800,10.5800
2017-09-13,2498.3701,10.5000
2017-09-14,2495.6201,10.4400
2017-09-15,2500.2300,10.1700
2017-09-18,2503.8701,10.1500
2017-09-19,2506.6499,10.1800
2017-09-20,2508.2400,9.7800
2017-09-21,2500.6001,9.6700
2017-09-22,2502.2200,9.5900
2017-09-25,2496.6599,10.2100
2017-09-26,2496.8401,10.1700
2017-09-27,2507.0400,9.8700
2017-09-28,2510.0601,9.5500
2017-09-29,2519.3601,9.5100
2017-10-02,2529.1201,9.4500
2017-10-03,2534.5801,9.5100
2017-10-04,2537.7400,9.6300
2017-10-05,2552.0701,9.1900
2017-10-06,2549.3301,9.6500
2017-10-09,2544.7300,10.3300
2017-10-10,2550.6399,10.0800
2017-10-11,2555.2400,9.8500
2017-10-12,2550.9299,9.9100
2017-10-13,2553.1699,9.6100
2017-10-16,2557.6399,9.9100
2017-10-17,2559.3601,10.3100
2017-10-18,2561.2600,10.0700
2017-10-19,2562.1001,10.0500
2017-10-20,2575.2100,9.9700
2017-10-23,2564.9800,11.0700
2017-10-24,2569.1299,11.1600
2017-10-25,2557.1499,11.2300
2017-10-26,2560.3999,11.3000
2017-10-27,2581.0701,9.8000
2017-10-30,2572.8301,10.5000
2017-10-31,2575.2600,10.1800
2017-11-01,2579.3601,10.2000
2017-11-02,2579.8501,9.9300
2017-11-03,2587.8401,9.1400
2017-11-06,2591.1299,9.4000
2017-11-07,2590.6399,9.8900
2017-11-08,2594.3799,9.7800
2017-11-09,2584.6201,10.5000
2017-11-10,2582.3000,11.2900
2017-11-13,2584.8401,11.5000
2017-11-14,2578.8701,11.5900
2017-11-15,2564.6201,13.1300
2017-11-16,2585.6399,11.7600
2017-11-17,2578.8501,11.4300
2017-11-20,2582.1399,10.6500
2017-11-21,2599.0300,9.7300
2017-11-22,2597.0801,9.8800
2017-11-24,2602.4199,9.6700
2017-11-27,2601.4199,9.8700
2017-11-28,2627.0400,10.0300
2017-11-29,2626.0701,10.7000
2017-11-30,2647.5801,11.2800
2017-12-01,2642.2200,11.4300
2017-12-04,2639.4399,11.6800
2017-12-05,2629.5701,11.3300
2017-12-06,2629.2700,11.0200
2017-12-07,2636.9800,10.1600
2017-12-08,2651.5000,9.5800
2017-12-11,2659.9900,9.3400
2017-12-12,2664.1101,9.9200
2017-12-13,2662.8501,10.1800
2017-12-14,2652.0100,10.4900
2017-12-15,2675.8101,9.4200
2017-12-18,2690.1599,9.5300
2017-12-19,2681.4700,10.0300
2017-12-20,2679.2500,9.7200
2017-12-21,2684.5701,9.6200
2017-12-22,2683.3401,9.9000
2017-12-26,2680.5000,10.2500
2017-12-27,2682.6201,10.4700
2017-12-28,2687.5400,10.1800
2017-12-29,2673.6101,11.0400
2018-01-02,2695.8101,9.7700
2018-01-03,2713.0601,9.1500
2018-01-04,2723.9900,9.2200
2018-01-05,2743.1499,9.2200
2018-01-08,2747.7100,9.5200
2018-01-09,2751.2900,10.0800
2018-01-10,2748.2300,9.8200
2018-01-11,2767.5601,9.8800
2018-01-12,2786.2400,10.1600
2018-01-16,2776.4199,11.6600
2018-01-17,2802.5601,11.9100
2018-01-18,2798.0300,12.2200
2018-01-19,2810.3000,11.2700
2018-01-22,2832.9700,11.0300
2018-01-23,2839.1299,11.1000
2018-01-24,2837.5400,11.4700
2018-01-25,2839.2500,11.5800
2018-01-26,2872.8701,11.0800
2018-01-29,2853.5300,13.8400
2018-01-30,2822.4299,14.7900
2018-01-31,2823.8101,13.5400
2018-02-01,2821.9800,13.4700
2018-02-02,2762.1299,17.3100
2018-02-05,2648.9399,37.3200
2018-02-06,2695.1399,29.9800
2018-02-07,2681.6599,27.7300
2018-02-08,2581.0000,33.4600
2018-02-09,2619.5500,29.0600
2018-02-12,2656.0000,25.6100
2018-02-13,2662.9399,24.9700
2018-02-14,2698.6299,19.2600
2018-02-15,2731.2000,19.1300
2018-02-16,2732.2200,19.4600
2018-02-20,2716.2600,20.6000
2018-02-21,2701.3301,20.0200
2018-02-22,2703.9600,18.7200
2018-02-23,2747.3000,16.4900
2018-02-26,2779.6001,15.8000
2018-02-27,2744.2800,18.5900
2018-02-28,2713.8301,19.8500
2018-03-01,2677.6699,22.4700
2018-03-02,2691.2500,19.5900
2018-03-05,2720.9399,18.7300
2018-03-06,2728.1201,18.3600
2018-03-07,2726.8000,17.7600
2018-03-08,2738.9700,16.5400
2018-03-09,2786.5701,14.6400
2018-03-12,2783.0200,15.7800
2018-03-13,2765.3101,16.3500
2018-03-14,2749.4800,17.2300
2018-03-15,2747.3301,16.5900
2018-03-16,2752.0100,15.8000
2018-03-19,2712.9199,19.0200
2018-03-20,2716.9399,18.2000
2018-03-21,2711.9299,17.8600
2018-03-22,2643.6899,23.3400
2018-03-23,2588.2600,24.8700
2018-03-26,2658.5500,21.0300
2018-03-27,2612.6201,22.5000
2018-03-28,2605.0000,22.8700
2018-03-29,2640.8701,19.9700
2018-04-02,2581.8799,23.6200
2018-04-03,2614.4500,21.1000
2018-04-04,2644.6899,20.0600
2018-04-05,2662.8401,18.9400
2018-04-06,2604.4700,21.4900
2018-04-09,2613.1599,21.7700
2018-04-10,2656.8701,20.4700
2018-04-11,2642.1899,20.2400
2018-04-12,2663.9900,18.4900
2018-04-13,2656.3000,17.4100
2018-04-16,2677.8401,16.5600
2018-04-17,2706.3899,15.2500
2018-04-18,2708.6399,15.6000
2018-04-19,2693.1299,15.9600
2018-04-20,2670.1399,16.8800
2018-04-23,2670.2900,16.3400
2018-04-24,2634.5601,18.0200
2018-04-25,2639.3999,17.8400
2018-04-26,2666.9399,16.2400
2018-04-27,2669.9099,15.4100
2018-04-30,2648.0500,15.9300
2018-05-01,2654.8000,15.4900
2018-05-02,2635.6699,15.9700
2018-05-03,2629.7300,15.9000
2018-05-04,2663.4199,14.7700
2018-05-07,2672.6299,14.7500
2018-05-08,2671.9199,14.7100
2018-05-09,2697.7900,13.4200
2018-05-10,2723.0701,13.2300
2018-05-11,2727.7200,12.6500
2018-05-14,2730.1299,12.9300
2018-05-15,2711.4500,14.6300
2018-05-16,2722.4600,13.4200
2018-05-17,2720.1299,13.4300
2018-05-18,2712.9700,13.4200
2018-05-21,2733.0100,13.0800
2018-05-22,2724.4399,13.2200
2018-05-23,2733.2900,12.5800
2018-05-24,2727.7600,12.5300
2018-05-25,2721.3301,13.2200
2018-05-29,2689.8601,17.0200
2018-05-30,2724.0100,14.9400
2018-05-31,2705.2700,15.4300
2018-06-01,2734.6201,13.4600
2018-06-04,2746.8701,12.7400
2018-06-05,2748.8000,12.4000
2018-06-06,2772.3501,11.6400
2018-06-07,2770.3701,12.1300
2018-06-08,2779.0300,12.1800
2018-06-11,2782.0000,12.3500
2018-06-12,2786.8501,12.3400
2018-06-13,2775.6299,12.9400
2018-06-14,2782.4900,12.1200
2018-06-15,2779.6599,11.9800
2018-06-18,2773.7500,12.3100
2018-06-19,2762.5901,13.3500
2018-06-20,2767.3201,12.7900
2018-06-21,2749.7600,14.6400
2018-06-22,2754.8799,13.7700
2018-06-25,2717.0701,17.3300
2018-06-26,2723.0601,15.9200
2018-06-27,2699.6299,17.9100
2018-06-28,2716.3101,16.8500
2018-06-29,2718.3701,16.0900
2018-07-02,2726.7100,15.6000
2018-07-03,2713.2200,16.1400
2018-07-05,2736.6101,14.9700
2018-07-06,2759.8201,13.3700
2018-07-09,2784.1699,12.6900
2018-07-10,2793.8401,12.6400
2018-07-11,2774.0200,13.6300
2018-07-12,2798.2900,12.5800
2018-07-13,2801.3101,12.1800
2018-07-16,2798.4299,12.8300
2018-07-17,2809.5500,12.0600
2018-07-18,2815.6201,12.1000
2018-07-19,2804.4900,12.8700
2018-07-20,2801.8301,12.8600
2018-07-23,2806.9800,12.6200
2018-07-24,2820.3999,12.4100
2018-07-25,2846.0701,12.2900
2018-07-26,2837.4399,12.1400
2018-07-27,2818.8201,13.0300
2018-07-30,2802.6001,14.2600
2018-07-31,2816.2900,12.8300
2018-08-01,2813.3601,13.1500
2018-08-02,2827.2200,12.1900
2018-08-03,2840.3501,11.6400
2018-08-06,2850.3999,11.2700
2018-08-07,2858.4500,10.9300
2018-08-08,2857.7000,10.8500
2018-08-09,2853.5801,11.2700
2018-08-10,2833.2800,13.1600
2018-08-13,2821.9299,14.7800
2018-08-14,2839.9600,13.3100
2018-08-15,2818.3701,14.6400
2018-08-16,2840.6899,13.4500
2018-08-17,2850.1299,12.6400
2018-08-20,2857.0500,12.4900
2018-08-21,2862.9600,12.8600
2018-08-22,2861.8201,12.2500
2018-08-23,2856.9800,12.4100
2018-08-24,2874.6899,11.9900
2018-08-27,2896.7400,12.1600
2018-08-28,2897.5200,12.5000
2018-08-29,2914.0400,12.2500
2018-08-30,2901.1299,13.5300
2018-08-31,2901.5200,12.8600
2018-09-04,2896.7200,13.1600
2018-09-05,2888.6001,13.9100
2018-09-06,2878.0500,14.6500
2018-09-07,2871.6799,14.8800
2018-09-10,2877.1299,14.1600
2018-09-11,2887.8899,13.2200
2018-09-12,2888.9199,13.1400
2018-09-13,2904.1799,12.3700
2018-09-14,2904.9800,12.0700
2018-09-17,2888.8000,13.6800
2018-09-18,2904.3101,12.7900
2018-09-19,2907.9500,11.7500
2018-09-20,2930.7500,11.8000
2018-09-21,2929.6699,11.6800
2018-09-24,2919.3701,12.2000
2018-09-25,2915.5601,12.4200
2018-09-26,2905.9700,12.8900
2018-09-27,2914.0000,12.4100
2018-09-28,2913.9800,12.1200
2018-10-01,2924.5901,12.0000
2018-10-02,2923.4299,12.0500
2018-10-03,2925.5100,11.6100
2018-10-04,2901.6101,14.2200
2018-10-05,2885.5701,14.8200
2018-10-08,2884.4299,15.6900
2018-10-09,2880.3401,15.9500
2018-10-10,2785.6799,22.9600
2018-10-11,2728.3701,24.9800
2018-10-12,2767.1299,21.3100
2018-10-15,2750.7900,21.3000
2018-10-16,2809.9199,17.6200
2018-10-17,2809.2100,17.4000
2018-10-18,2768.7800,20.0600
2018-10-19,2767.7800,19.8900
2018-10-22,2755.8799,19.6400
2018-10-23,2740.6899,20.7100
2018-10-24,2656.1001,25.2300
2018-10-25,2705.5701,24.2200
2018-10-26,2658.6899,24.1600
2018-10-29,2641.2500,24.7000
2018-10-30,2682.6299,23.3500
2018-10-31,2711.7400,21.2300
2018-11-01,2740.3701,19.3400
2018-11-02,2723.0601,19.5100
2018-11-05,2738.3101,19.9600
2018-11-06,2755.4500,19.9100
2018-11-07,2813.8899,16.3600
2018-11-08,2806.8301,16.7200
2018-11-09,2781.0100,17.3600
2018-11-12,2726.2200,20.4500
2018-11-13,2722.1799,20.0200
2018-11-14,2701.5801,21.2500
2018-11-15,2730.2000,19.9800
2018-11-16,2736.2700,18.1400
2018-11-19,2690.7300,20.1000
2018-11-20,2641.8899,22.4800
2018-11-21,2649.9299,20.8000
2018-11-23,2632.5601,21.5200
2018-11-26,2673.4500,18.9000
2018-11-27,2682.1699,19.0200
2018-11-28,2743.7900,18.4900
2018-11-29,2737.8000,18.7900
2018-11-30,2760.1699,18.0700
2018-12-03,2790.3701,16.4400
2018-12-04,2700.0601,20.7400
2018-12-06,2695.9500,21.1900
2018-12-07,2633.0801,23.2300
2018-12-10,2637.7200,22.6400
2018-12-11,2636.7800,21.7600
2018-12-12,2651.0701,21.4600
2018-12-13,2650.5400,20.6500
2018-12-14,2599.9500,21.6300
2018-12-17,2545.9399,24.5200
2018-12-18,2546.1599,25.5800
2018-12-19,2506.9600,25.5800
2018-12-20,2467.4199,28.3800
2018-12-21,2416.6201,30.1100
2018-12-24,2351.1001,36.0700
2018-12-26,2467.7000,30.4100
2018-12-27,2488.8301,29.9600
2018-12-28,2485.7400,28.3400
2018-12-31,2506.8501,25.4200
2019-01-02,2510.0300,23.2200
2019-01-03,2447.8899,25.4500
2019-01-04,2531.9399,21.3800
2019-01-07,2549.6899,21.4000
2019-01-08,2574.4099,20.4700
2019-01-09,2584.9600,19.9800
2019-01-10,2596.6399,19.5000
2019-01-11,2596.2600,18.1900
2019-01-14,2582.6101,19.0700
2019-01-15,2610.3000,18.6000
2019-01-16,2616.1001,19.0400
2019-01-17,2635.9600,18.0600
2019-01-18,2670.7100,17.8000
2019-01-22,2632.8999,20.8000
2019-01-23,2638.7000,19.5200
2019-01-24,2642.3301,18.8900
2019-01-25,2664.7600,17.4200
2019-01-28,2643.8501,18.8700
2019-01-29,2640.0000,19.1300
2019-01-30,2681.0500,17.6600
2019-01-31,2704.1001,16.5700
2019-02-01,2706.5300,16.1400
2019-02-04,2724.8701,15.7300
2019-02-05,2737.7000,15.5700
2019-02-06,2731.6101,15.3800
2019-02-07,2706.0500,16.3700
2019-02-08,2707.8799,15.7200
2019-02-11,2709.8000,15.9700
2019-02-12,2744.7300,15.4300
2019-02-13,2753.0300,15.6500
2019-02-14,2745.7300,16.2200
2019-02-15,2775.6001,14.9100
2019-02-19,2779.7600,14.8800
2019-02-20,2784.7000,14.0200
2019-02-21,2774.8799,14.4600
2019-02-22,2792.6699,13.5100
2019-02-25,2796.1101,14.8500
2019-02-26,2793.8999,15.1700
2019-02-27,2792.3799,14.7000
2019-02-28,2784.4900,14.7800
2019-03-01,2803.6899,13.5700
2019-03-04,2792.8101,14.6300
2019-03-05,2789.6499,14.7400
2019-03-06,2771.4500,15.7400
2019-03-07,2748.9299,16.5900
2019-03-08,2743.0701,16.0500
2019-03-11,2783.3000,14.3300
2019-03-12,2791.5200,13.7700
2019-03-13,2810.9199,13.4100
2019-03-14,2808.4800,13.5000
2019-03-15,2822.4800,12.8800
2019-03-18,2832.9399,13.1000
2019-03-19,2832.5701,13.5600
2019-03-20,2824.2300,13.9100
2019-03-21,2854.8799,13.6300
2019-03-22,2800.7100,16.4800
2019-03-25,2798.3601,16.3300
2019-03-26,2818.4600,14.6800
2019-03-27,2805.3701,15.1500
2019-03-28,2815.4399,14.4300
2019-03-29,2834.3999,13.7100
2019-04-01,2867.1899,13.4000
2019-04-02,2867.2400,13.3600
2019-04-03,2873.3999,13.7400
2019-04-04,2879.3899,13.5800
2019-04-05,2892.7400,12.8200
2019-04-08,2895.7700,13.1800
2019-04-09,2878.2000,14.2800
2019-04-10,2888.2100,13.3000
2019-04-11,2888.3201,13.0200
2019-04-12,2907.4099,12.0100
2019-04-15,2905.5801,12.3200
2019-04-16,2907.0601,12.1800
2019-04-17,2900.4500,12.6000
2019-04-18,2905.0300,12.0900
2019-04-22,2907.9700,12.4200
2019-04-23,2933.6799,12.2800
2019-04-24,2927.2500,13.1400
2019-04-25,2926.1699,13.2500
2019-04-26,2939.8799,12.7300
2019-04-29,2943.0300,13.1100
2019-04-30,2945.8301,13.1200
2019-05-01,2923.7300,14.8000
2019-05-02,2917.5200,14.4200
2019-05-03,2945.6399,12.8700
2019-05-06,2932.4700,15.4400
2019-05-07,2884.0500,19.3200
2019-05-08,2879.4199,19.4000
2019-05-09,2870.7200,19.1000
2019-05-10,2881.3999,16.0400
2019-05-13,2811.8701,20.5500
2019-05-14,2834.4099,18.0600
2019-05-15,2850.9600,16.4400
2019-05-16,2876.3201,15.2900
2019-05-17,2859.5300,15.9600
2019-05-20,2840.2300,16.3100
2019-05-21,2864.3601,14.9500
2019-05-22,2856.2700,14.7500
2019-05-23,2822.2400,16.9200
2019-05-24,2826.0601,15.8500
2019-05-28,2802.3899,17.5000
2019-05-29,2783.0200,17.9000
2019-05-30,2788.8601,17.3000
2019-05-31,2752.0601,18.7100
2019-06-03,2744.4500,18.8600
2019-06-04,2803.2700,16.9700
2019-06-05,2826.1499,16.0900
2019-06-06,2843.4900,15.9300
2019-06-07,2873.3401,16.3000
2019-06-10,2886.7300,15.9400
2019-06-11,2885.7200,15.9900
2019-06-12,2879.8401,15.9100
2019-06-13,2891.6399,15.8200
2019-06-14,2886.9800,15.2800
2019-06-17,2889.6699,15.3500
2019-06-18,2917.7500,15.1500
2019-06-19,2926.4600,14.3300
2019-06-20,2954.1799,14.7500
2019-06-21,2950.4600,15.4000
2019-06-24,2945.3501,15.2600
2019-06-25,2917.3799,16.2800
2019-06-26,2913.7800,16.2100
2019-06-27,2924.9199,15.8200
2019-06-28,2941.7600,15.0800
2019-07-01,2964.3301,14.0600
2019-07-02,2973.0100,12.9300
2019-07-03,2995.8201,12.5700
2019-07-05,2990.4099,13.2800
2019-07-08,2975.9500,13.9600
2019-07-09,2979.6299,14.0900
2019-07-10,2993.0701,13.0300
2019-07-11,2999.9099,12.9300
2019-07-12,3013.7700,12.3900
2019-07-15,3014.3000,12.6800
2019-07-16,3004.0400,12.8600
2019-07-17,2984.4199,13.9700
2019-07-18,2995.1101,13.5300
2019-07-19,2976.6101,14.4500
2019-07-22,2985.0300,13.5300
2019-07-23,3005.4700,12.6100
2019-07-24,3019.5601,12.0700
2019-07-25,3003.6699,12.7400
2019-07-26,3025.8601,12.1600
2019-07-29,3020.9700,12.8300
2019-07-30,3013.1799,13.9400
2019-07-31,2980.3799,16.1200
2019-08-01,2953.5601,17.8700
2019-08-02,2932.0500,17.6100
2019-08-05,2844.7400,24.5900
2019-08-06,2881.7700,20.1700
2019-08-07,2883.9800,19.4900
2019-08-08,2938.0901,16.9100
2019-08-09,2918.6499,17.9700
2019-08-12,2882.7000,21.0900
2019-08-13,2926.3201,17.5200
2019-08-14,2840.6001,22.1000
2019-08-15,2847.6001,21.1800
2019-08-16,2888.6799,18.4700
2019-08-19,2923.6499,16.8800
2019-08-20,2900.5100,17.5000
2019-08-21,2924.4299,15.8000
2019-08-22,2922.9500,16.6800
2019-08-23,2847.1101,19.8700
2019-08-26,2878.3799,19.3200
2019-08-27,2869.1599,20.3100
2019-08-28,2887.9399,19.3500
2019-08-29,2924.5801,17.8800
2019-08-30,2926.4600,18.9800
2019-09-03,2906.2700,19.6600
2019-09-04,2937.7800,17.3300
2019-09-05,2976.0000,16.2700
2019-09-06,2978.7100,15.0000
2019-09-09,2978.4299,15.2700
2019-09-10,2979.3899,15.2000
2019-09-11,3000.9299,14.6100
2019-09-12,3009.5701,14.2200
2019-09-13,3007.3899,13.7400
2019-09-16,2997.9600,14.6700
2019-09-17,3005.7000,14.4400
2019-09-18,3006.7300,13.9500
2019-09-19,3006.7900,14.0500
2019-09-20,2992.0701,15.3200
2019-09-23,2991.7800,14.9100
2019-09-24,2966.6001,17.0500
2019-09-25,2984.8701,15.9600
2019-09-26,2977.6201,16.0700
2019-09-27,2961.7900,17.2200
2019-09-30,2976.7400,16.2400
2019-10-01,2940.2500,18.5600
2019-10-02,2887.6101,20.5600
2019-10-03,2910.6299,19.1200
2019-10-04,2952.0100,17.0400
2019-10-07,2938.7900,17.8600
2019-10-08,2893.0601,20.2800
2019-10-09,2919.3999,18.6400
2019-10-10,2938.1299,17.5700
2019-10-11,2970.2700,15.5800
2019-10-14,2966.1499,14.5700
2019-10-15,2995.6799,13.5400
2019-10-16,2989.6899,13.6800
2019-10-17,2997.9500,13.7900
2019-10-18,2986.2000,14.2500
2019-10-21,3006.7200,14.0000
2019-10-22,2995.9900,14.4600
2019-10-23,3004.5200,14.0100
2019-10-24,3010.2900,13.7100
2019-10-25,3022.5500,12.6500
2019-10-28,3039.4199,13.1100
2019-10-29,3036.8899,13.2000
2019-10-30,3046.7700,12.3300
2019-10-31,3037.5601,13.2200
2019-11-01,3066.9099,12.3000
2019-11-04,3078.2700,12.8300
2019-11-05,3074.6201,13.1000
2019-11-06,3076.7800,12.6200
2019-11-07,3085.1799,12.7300
2019-11-08,3093.0801,12.0700
2019-11-11,3087.0100,12.6900
2019-11-12,3091.8401,12.6800
2019-11-13,3094.0400,13.0000
2019-11-14,3096.6299,13.0500
2019-11-15,3120.4600,12.0500
2019-11-18,3122.0300,12.4600
2019-11-19,3120.1799,12.8600
2019-11-20,3108.4600,12.7800
2019-11-21,3103.5400,13.1300
2019-11-22,3110.2900,12.3400
2019-11-25,3133.6399,11.8700
2019-11-26,3140.5200,11.5400
2019-11-27,3153.6299,11.7500
2019-11-29,3140.9800,12.6200
2019-12-02,3113.8701,14.9100
2019-12-03,3093.2000,15.9600
2019-12-04,3112.7600,14.8000
2019-12-05,3117.4299,14.5200
2019-12-06,3145.9099,13.6200
2019-12-09,3135.9600,15.8600
2019-12-10,3132.5200,15.6800
2019-12-11,3141.6299,14.9900
2019-12-12,3168.5701,13.9400
2019-12-13,3168.8000,12.6300
2019-12-16,3191.4500,12.1400
2019-12-17,3192.5200,12.2900
2019-12-18,3191.1399,12.5800
2019-12-19,3205.3701,12.5000
2019-12-20,3221.2200,12.5100
2019-12-23,3224.0100,12.6100
2019-12-24,3223.3799,12.6700
2019-12-26,3239.9099,12.6500
2019-12-27,3240.0200,13.4300
2019-12-30,3221.2900,14.8200
2019-12-31,3230.7800,13.7800
2020-01-02,3257.8501,12.4700
2020-01-03,3234.8501,14.0200
2020-01-06,3246.2800,13.8500
2020-01-07,3237.1799,13.7900
2020-01-08,3253.0500,13.4500
2020-01-09,3274.7000,12.5400
2020-01-10,3265.3501,12.5600
2020-01-13,3288.1299,12.3200
2020-01-14,3283.1499,12.3900
2020-01-15,3289.2900,12.4200
2020-01-16,3316.8101,12.3200
2020-01-17,3329.6201,12.1000
2020-01-21,3320.7900,12.8500
2020-01-22,3321.7500,12.9100
2020-01-23,3325.5400,12.9800
2020-01-24,3295.4700,14.5600
2020-01-27,3243.6299,18.2300
2020-01-28,3276.2400,16.2800
2020-01-29,3273.3999,16.3900
2020-01-30,3283.6599,15.4900
2020-01-31,3225.5200,18.8400
2020-02-03,3248.9199,17.9700
2020-02-04,3297.5901,16.0500
2020-02-05,3334.6899,15.1500
2020-02-06,3345.7800,14.9600
2020-02-07,3327.7100,15.4700
2020-02-10,3352.0901,15.0400
2020-02-11,3357.7500,15.1800
2020-02-12,3379.4500,13.7400
2020-02-13,3373.9399,14.1500
2020-02-14,3380.1599,13.6800
2020-02-18,3370.2900,14.8300
2020-02-19,3386.1499,14.3800
2020-02-20,3373.2300,15.5600
2020-02-21,3337.7500,17.0800
2020-02-24,3225.8899,25.0300
2020-02-25,3128.2100,27.8500
2020-02-26,3116.3899,27.5600
2020-02-27,2978.7600,39.1600
2020-02-28,2954.2200,40.1100
2020-03-02,3090.2300,33.4200
2020-03-03,3003.3701,36.8200
2020-03-04,3130.1201,31.9900
2020-03-05,3023.9399,39.6200
2020-03-06,2972.3701,41.9400
2020-03-09,2746.5601,54.4600
2020-03-10,2882.2300,47.3000
2020-03-11,2741.3799,53.9000
2020-03-12,2480.6399,75.4700
2020-03-13,2711.0200,57.8300
2020-03-16,2386.1299,82.6900
2020-03-17,2529.1899,75.9100
2020-03-18,2398.1001,76.4500
2020-03-19,2409.3899,72.0000
2020-03-20,2304.9199,66.0400
2020-03-23,2237.3999,61.5900
2020-03-24,2447.3301,61.6700
2020-03-25,2475.5601,63.9500
2020-03-26,2630.0701,61.0000
2020-03-27,2541.4700,65.5400
2020-03-30,2626.6499,57.0800
2020-03-31,2584.5901,53.5400
2020-04-01,2470.5000,57.0600
2020-04-02,2526.8999,50.9100
2020-04-03,2488.6499,46.8000
2020-04-06,2663.6799,45.2400
2020-04-07,2659.4099,46.7000
2020-04-08,2749.9800,43.3500
2020-04-09,2789.8201,41.6700
2020-04-13,2761.6299,41.1700
2020-04-14,2846.0601,37.7600
2020-04-15,2783.3601,40.8400
2020-04-16,2799.5500,40.1100
2020-04-17,2874.5601,38.1500
2020-04-20,2823.1599,43.8300
2020-04-21,2736.5601,45.4100
2020-04-22,2799.3101,41.9800
2020-04-23,2797.8000,41.3800
2020-04-24,2836.7400,35.9300
2020-04-27,2878.4800,33.2900
2020-04-28,2863.3899,33.5700
2020-04-29,2939.5100,31.2300
2020-04-30,2912.4299,34.1500
2020-05-01,2830.7100,37.1900
2020-05-04,2842.7400,35.9700
2020-05-05,2868.4399,33.6100
2020-05-06,2848.4199,34.1200
2020-05-07,2881.1899,31.4400
2020-05-08,2929.8000,27.9800
2020-05-11,2930.1899,27.5700
2020-05-12,2870.1201,33.0400
2020-05-13,2820.0000,35.2800
2020-05-14,2852.5000,32.6100
2020-05-15,2863.7000,31.8900
2020-05-18,2953.9099,29.3000
2020-05-19,2922.9399,30.5300
2020-05-20,2971.6101,27.9900
2020-05-21,2948.5100,29.5300
2020-05-22,2955.4500,28.1600
2020-05-26,2991.7700,28.0100
2020-05-27,3036.1299,27.6200
2020-05-28,3029.7300,28.5900
2020-05-29,3044.3101,27.5100
2020-06-01,3055.7300,28.2300
2020-06-02,3080.8201,26.8400
2020-06-03,3122.8701,25.6600
2020-06-04,3112.3501,25.8100
2020-06-05,3193.9299,24.5200
2020-06-08,3232.3899,25.8100
2020-06-09,3207.1799,27.5700
2020-06-10,3190.1399,27.5700
2020-06-11,3002.1001,40.7900
2020-06-12,3041.3101,36.0900
2020-06-15,3066.5901,34.4000
2020-06-16,3124.7400,33.6700
2020-06-17,3113.4900,33.4700
2020-06-18,3115.3401,32.9400
2020-06-19,3097.7400,35.1200
2020-06-22,3117.8601,31.7700
2020-06-23,3131.2900,31.3700
2020-06-24,3050.3301,33.8400
2020-06-25,3083.7600,32.2200
2020-06-26,3009.0500,34.7300
2020-06-29,3053.2400,31.7800
2020-06-30,3100.2900,30.4300
2020-07-01,3115.8601,28.6200
2020-07-02,3130.0100,27.6800
2020-07-06,3179.7200,27.9400
2020-07-07,3145.3201,29.4300
2020-07-08,3169.9399,28.0800
2020-07-09,3152.0500,29.2600
2020-07-10,3185.0400,27.2900
2020-07-13,3155.2200,32.1900
2020-07-14,3197.5200,29.5200
2020-07-15,3226.5601,27.7600
2020-07-16,3215.5701,28.0000
2020-07-17,3224.7300,25.6800
2020-07-20,3251.8401,24.4600
2020-07-21,3257.3000,24.8400
2020-07-22,3276.0200,24.3200
2020-07-23,3235.6599,26.0800
2020-07-24,3215.6299,25.8400
2020-07-27,3239.4099,24.7400
2020-07-28,3218.4399,25.4400
2020-07-29,3258.4399,24.1000
2020-07-30,3246.2200,24.7600
2020-07-31,3271.1201,24.4600
2020-08-03,3294.6101,24.2800
2020-08-04,3306.5100,23.7600
2020-08-05,3327.7700,22.9900
2020-08-06,3349.1599,22.6500
2020-08-07,3351.2800,22.2100
2020-08-10,3360.4700,22.1300
2020-08-11,3333.6899,24.0300
2020-08-12,3380.3501,22.2800
2020-08-13,3373.4299,22.1300
2020-08-14,3372.8501,22.0500
2020-08-17,3381.9900,21.3500
2020-08-18,3389.7800,21.5100
2020-08-19,3374.8501,22.5400
2020-08-20,3385.5100,22.7200
2020-08-21,3397.1599,22.5400
2020-08-24,3431.2800,22.3700
2020-08-25,3443.6201,22.0300
2020-08-26,3478.7300,23.2700
2020-08-27,3484.5500,24.4700
2020-08-28,3508.0100,22.9600
2020-08-31,3500.3101,26.4100
2020-09-01,3526.6499,26.1200
2020-09-02,3580.8401,26.5700
2020-09-03,3455.0601,33.6000
2020-09-04,3426.9600,30.7500
2020-09-08,3331.8401,31.4600
2020-09-09,3398.9600,28.8100
2020-09-10,3339.1899,29.7100
2020-09-11,3340.9700,26.8700
2020-09-14,3383.5400,25.8500
2020-09-15,3401.2000,25.5900
2020-09-16,3385.4900,26.0400
2020-09-17,3357.0100,26.4600
2020-09-18,3319.4700,25.8300
2020-09-21,3281.0601,27.7800
2020-09-22,3315.5701,26.8600
2020-09-23,3236.9199,28.5800
2020-09-24,3246.5901,28.5100
2020-09-25,3298.4600,26.3800
2020-09-28,3351.6001,26.1900
2020-09-29,3335.4700,26.2700
2020-09-30,3363.0000,26.3700
2020-10-01,3380.8000,26.7000
2020-10-02,3348.4199,27.6300
2020-10-05,3408.6001,27.9600
2020-10-06,3360.9700,29.4800
2020-10-07,3419.4399,28.0600
2020-10-08,3446.8301,26.3600
2020-10-09,3477.1399,25.0000
2020-10-12,3534.2200,25.0700
2020-10-13,3511.9299,26.0700
2020-10-14,3488.6699,26.4000
2020-10-15,3483.3401,26.9700
2020-10-16,3483.8101,27.4100
2020-10-19,3426.9199,29.1800
2020-10-20,3443.1201,29.3500
2020-10-21,3435.5601,28.6500
2020-10-22,3453.4900,28.1100
2020-10-23,3465.3899,27.5500
2020-10-26,3400.9700,32.4600
2020-10-27,3390.6799,33.3500
2020-10-28,3271.0300,40.2800
2020-10-29,3310.1101,37.5900
2020-10-30,3269.9600,38.0200
2020-11-02,3310.2400,37.1300
2020-11-03,3369.1599,35.5500
2020-11-04,3443.4399,29.5700
2020-11-05,3510.4500,27.5800
2020-11-06,3509.4399,24.8600
2020-11-09,3550.5000,25.7500
2020-11-10,3545.5300,24.8000
2020-11-11,3572.6599,23.4500
2020-11-12,3537.0100,25.3500
2020-11-13,3585.1499,23.1000
2020-11-16,3626.9099,22.4500
2020-11-17,3609.5300,22.7100
2020-11-18,3567.7900,23.8400
2020-11-19,3581.8701,23.1100
2020-11-20,3557.5400,23.7000
2020-11-23,3577.5901,22.6600
2020-11-24,3635.4099,21.6400
2020-11-25,3629.6499,21.2500
2020-11-27,3638.3501,20.8400
2020-11-30,3621.6299,20.5700
2020-12-01,3662.4500,20.7700
2020-12-02,3669.0100,21.1700
2020-12-03,3666.7200,21.2800
2020-12-04,3699.1201,20.7900
2020-12-07,3691.9600,21.3000
2020-12-08,3702.2500,20.6800
2020-12-09,3672.8201,22.2700
2020-12-10,3668.1001,22.5200
2020-12-11,3663.4600,23.3100
2020-12-14,3647.4900,24.7200
2020-12-15,3694.6201,22.8900
2020-12-16,3701.1699,22.5000
2020-12-17,3722.4800,21.9300
2020-12-18,3709.4099,21.5700
2020-12-21,3694.9199,25.1600
2020-12-22,3687.2600,24.2300
2020-12-23,3690.0100,23.3100
2020-12-24,3703.0601,21.5300
2020-12-28,3735.3601,21.7000
2020-12-29,3727.0400,23.0800
2020-12-30,3732.0400,22.7700
2020-12-31,3756.0701,22.7500
2021-01-04,3700.6499,26.9700
2021-01-05,3726.8601,25.3400
2021-01-06,3748.1399,25.0700
2021-01-07,3803.7900,22.3700
2021-01-08,3824.6799,21.5600
2021-01-11,3799.6101,24.0800
2021-01-12,3801.1899,23.3300
2021-01-13,3809.8401,22.2100
2021-01-14,3795.5400,23.2500
2021-01-15,3768.2500,24.3400
2021-01-19,3798.9099,23.2400
2021-01-20,3851.8501,21.5800
2021-01-21,3853.0701,21.3200
2021-01-22,3841.4700,21.9100
2021-01-25,3855.3601,23.1900
2021-01-26,3849.6201,23.0200
2021-01-27,3750.7700,37.2100
2021-01-28,3787.3799,30.2100
2021-01-29,3714.2400,33.0900
2021-02-01,3773.8601,30.2400
2021-02-02,3826.3101,25.5600
2021-02-03,3830.1699,22.9100
2021-02-04,3871.7400,21.7700
2021-02-05,3886.8301,20.8700
2021-02-08,3915.5901,21.2400
2021-02-09,3911.2300,21.6300
2021-02-10,3909.8799,21.9900
2021-02-11,3916.3799,21.2500
2021-02-12,3934.8301,19.9700
2021-02-16,3932.5901,21.4600
2021-02-17,3931.3301,21.5000
2021-02-18,3913.9700,22.4900
2021-02-19,3906.7100,22.0500
2021-02-22,3876.5000,23.4500
2021-02-23,3881.3701,23.1100
2021-02-24,3925.4299,21.3400
2021-02-25,3829.3401,28.8900
2021-02-26,3811.1499,27.9500
2021-03-01,3901.8201,23.3500
2021-03-02,3870.2900,24.1000
2021-03-03,3819.7200,26.6700
2021-03-04,3768.4700,28.5700
2021-03-05,3841.9399,24.6600
2021-03-08,3821.3501,25.4700
2021-03-09,3875.4399,24.0300
2021-03-10,3898.8101,22.5600
2021-03-11,3939.3401,21.9100
2021-03-12,3943.3401,20.6900
2021-03-15,3968.9399,20.0300
2021-03-16,3962.7100,19.7900
2021-03-17,3974.1201,19.2300
2021-03-18,3915.4600,21.5800
2021-03-19,3913.1001,20.9500
2021-03-22,3940.5901,18.8800
2021-03-23,3910.5200,20.3000
2021-03-24,3889.1399,21.2000
2021-03-25,3909.5200,19.8100
2021-03-26,3974.5400,18.8600
2021-03-29,3971.0901,20.7400
2021-03-30,3958.5500,19.6100
2021-03-31,3972.8899,19.4000
2021-04-01,4019.8701,17.3300
2021-04-05,4077.9099,17.9100
2021-04-06,4073.9399,18.1200
2021-04-07,4079.9500,17.1600
2021-04-08,4097.1699,16.9500
2021-04-09,4128.7998,16.6900
2021-04-12,4127.9902,16.9100
2021-04-13,4141.5898,16.6500
2021-04-14,4124.6602,16.9900
2021-04-15,4170.4199,16.5700
2021-04-16,4185.4702,16.2500
2021-04-19,4163.2598,17.2900
2021-04-20,4134.9399,18.6800
2021-04-21,4173.4199,17.5000
2021-04-22,4134.9800,18.7100
2021-04-23,4180.1699,17.3300
2021-04-26,4187.6201,17.6400
2021-04-27,4186.7202,17.5600
2021-04-28,4183.1802,17.2800
2021-04-29,4211.4702,17.6100
2021-04-30,4181.1699,18.6100
2021-05-03,4192.6602,18.3100
2021-05-04,4164.6602,19.4800
2021-05-05,4167.5898,19.1500
2021-05-06,4201.6201,18.3900
2021-05-07,4232.6001,16.6900
2021-05-10,4188.4302,19.6600
2021-05-11,4152.1001,21.8400
2021-05-12,4063.0400,27.5900
2021-05-13,4112.5000,23.1300
2021-05-14,4173.8501,18.8100
2021-05-17,4163.2900,19.7200
2021-05-18,4127.8301,21.3400
2021-05-19,4115.6802,22.1800
2021-05-20,4159.1201,20.6700
2021-05-21,4155.8599,20.1500
2021-05-24,4197.0498,18.4000
2021-05-25,4188.1299,18.8400
2021-05-26,4195.9902,17.3600
2021-05-27,4200.8799,16.7400
2021-05-28,4204.1099,16.7600
2021-06-01,4202.0400,17.9000
2021-06-02,4208.1201,17.4800
2021-06-03,4192.8501,18.0400
2021-06-04,4229.8901,16.4200
2021-06-07,4226.5200,16.4200
2021-06-08,4227.2598,17.0700
2021-06-09,4219.5498,17.8900
2021-06-10,4239.1802,16.1000
2021-06-11,4247.4399,15.6500
2021-06-14,4255.1499,16.3900
2021-06-15,4246.5898,17.0200
2021-06-16,4223.7002,18.1500
2021-06-17,4221.8599,17.7500
2021-06-18,4166.4502,20.7000
2021-06-21,4224.7900,17.8900
2021-06-22,4246.4399,16.6600
2021-06-23,4241.8398,16.3200
2021-06-24,4266.4902,15.9700
2021-06-25,4280.7002,15.6200
2021-06-28,4290.6099,15.7600
2021-06-29,4291.7998,16.0200
2021-06-30,4297.5000,15.8300
2021-07-01,4319.9399,15.4800
2021-07-02,4352.3398,15.0700
2021-07-06,4343.5400,16.4400
2021-07-07,4358.1299,16.2000
2021-07-08,4320.8198,19.0000
2021-07-09,4369.5498,16.1800
2021-07-12,4384.6299,16.1700
2021-07-13,4369.2100,17.1200
2021-07-14,4374.2998,16.3300
2021-07-15,4360.0298,17.0100
2021-07-16,4327.1602,18.4500
2021-07-19,4258.4902,22.5000
2021-07-20,4323.0601,19.7300
2021-07-21,4358.6899,17.9100
2021-07-22,4367.4800,17.6900
2021-07-23,4411.7900,17.2000
2021-07-26,4422.2998,17.5800
2021-07-27,4401.4600,19.3600
2021-07-28,4400.6401,18.3100
2021-07-29,4419.1499,17.7000
2021-07-30,4395.2598,18.2400
2021-08-02,4387.1602,19.4600
2021-08-03,4423.1499,18.0400
2021-08-04,4402.6602,17.9700
2021-08-05,4429.1001,17.2800
2021-08-06,4436.5200,16.1500
2021-08-09,4432.3501,16.7200
2021-08-10,4436.7500,16.7900
2021-08-11,4442.4102,16.1700
2021-08-12,4460.8301,15.5900
2021-08-13,4468.0000,15.4500
2021-08-16,4479.7100,16.1200
2021-08-17,4448.0801,17.9100
2021-08-18,4400.2700,21.5700
2021-08-19,4405.7998,21.6700
2021-08-20,4441.6699,18.5600
2021-08-23,4479.5298,17.1500
2021-08-24,4486.2300,17.2200
2021-08-25,4496.1899,16.7900
2021-08-26,4470.0000,18.8400
2021-08-27,4509.3701,16.3900
2021-08-30,4528.7900,16.1900
2021-08-31,4522.6802,16.4800
2021-09-01,4524.0898,16.1100
2021-09-02,4536.9502,16.4100
2021-09-03,4535.4302,16.4100
2021-09-07,4520.0298,18.1400
2021-09-08,4514.0698,17.9600
2021-09-09,4493.2798,18.8000
2021-09-10,4458.5801,20.9500
2021-09-13,4468.7300,19.3700
2021-09-14,4443.0498,19.4600
2021-09-15,4480.7002,18.1800
2021-09-16,4473.7500,18.6900
2021-09-17,4432.9902,20.8100
2021-09-20,4357.7300,25.7100
2021-09-21,4354.1899,24.3600
2021-09-22,4395.6401,20.8700
2021-09-23,4448.9800,18.6300
2021-09-24,4455.4800,17.7500
2021-09-27,4443.1099,18.7600
2021-09-28,4352.6299,23.2500
2021-09-29,4359.4600,22.5600
2021-09-30,4307.5400,23.1400
2021-10-01,4357.0400,21.1000
2021-10-04,4300.4600,22.9600
2021-10-05,4345.7202,21.3000
2021-10-06,4363.5498,21.0000
2021-10-07,4399.7598,19.5400
2021-10-08,4391.3398,18.7700
2021-10-11,4361.1899,20.0000
2021-10-12,4350.6499,19.8500
2021-10-13,4363.7998,18.6400
2021-10-14,4438.2598,16.8600
2021-10-15,4471.3701,16.3000
2021-10-18,4486.4600,16.3100
2021-10-19,4519.6299,15.7000
2021-10-20,4536.1899,15.4900
2021-10-21,4549.7798,15.0100
2021-10-22,4544.8999,15.4300
2021-10-25,4566.4800,15.2400
2021-10-26,4574.7900,15.9800
2021-10-27,4551.6802,16.9800
2021-10-28,4596.4199,16.5300
2021-10-29,4605.3799,16.2600
2021-11-01,4613.6699,16.4100
2021-11-02,4630.6499,16.0300
2021-11-03,4660.5698,15.1000
2021-11-04,4680.0601,15.4400
2021-11-05,4697.5298,16.4800
2021-11-08,4701.7002,17.2200
2021-11-09,4685.2500,17.7800
2021-11-10,4646.7100,18.7300
2021-11-11,4649.2700,17.6600
2021-11-12,4682.8501,16.2900
2021-11-15,4682.7998,16.4900
2021-11-16,4700.8999,16.3700
2021-11-17,4688.6699,17.1100
2021-11-18,4704.5400,17.5900
2021-11-19,4697.9600,17.9100
2021-11-22,4682.9399,19.1700
2021-11-23,4690.7002,19.3800
2021-11-24,4701.4600,18.5800
2021-11-26,4594.6201,28.6200
2021-11-29,4655.2700,22.9600
2021-11-30,4567.0000,27.1900
2021-12-01,4513.0400,31.1200
2021-12-02,4577.1001,27.9500
2021-12-03,4538.4302,30.6700
2021-12-06,4591.6699,27.1800
2021-12-07,4686.7500,21.8900
2021-12-08,4701.2100,19.9000
2021-12-09,4667.4502,21.5800
2021-12-10,4712.0200,18.6900
2021-12-13,4668.9702,20.3100
2021-12-14,4634.0898,21.8900
2021-12-15,4709.8501,19.2900
2021-12-16,4668.6699,20.5700
2021-12-17,4620.6401,21.5700
2021-12-20,4568.0200,22.8700
2021-12-21,4649.2300,21.0100
2021-12-22,4696.5601,18.6300
2021-12-23,4725.7900,17.9600
2021-12-27,4791.1899,17.6800
2021-12-28,4786.3501,17.5400
2021-12-29,4793.0601,16.9500
2021-12-30,4778.7300,17.3300
2021-12-31,4766.1802,17.2200
2022-01-03,4796.5601,16.6000
2022-01-04,4793.5400,16.9100
2022-01-05,4700.5801,19.7300
2022-01-06,4696.0498,19.6100
2022-01-07,4677.0298,18.7600
2022-01-10,4670.2900,19.4000
2022-01-11,4713.0698,18.4100
2022-01-12,4726.3501,17.6200
2022-01-13,4659.0298,20.3100
2022-01-14,4662.8501,19.1900
2022-01-18,4577.1099,22.7900
2022-01-19,4532.7598,23.8500
2022-01-20,4482.7300,25.5900
2022-01-21,4397.9399,28.8500
2022-01-24,4410.1299,29.9000
2022-01-25,4356.4502,31.1600
2022-01-26,4349.9302,31.9600
2022-01-27,4326.5098,30.4900
2022-01-28,4431.8501,27.6600
2022-01-31,4515.5498,24.8300
2022-02-01,4546.5400,21.9600
2022-02-02,4589.3799,22.0900
2022-02-03,4477.4399,24.3500
2022-02-04,4500.5298,23.2200
2022-02-07,4483.8701,22.8600
2022-02-08,4521.5400,21.4400
2022-02-09,4587.1802,19.9600
2022-02-10,4504.0801,23.9100
2022-02-11,4418.6401,27.3600
2022-02-14,4401.6699,28.3300
2022-02-15,4471.0698,25.7000
2022-02-16,4475.0098,24.2900
2022-02-17,4380.2598,28.1100
2022-02-18,4348.8701,27.7500
2022-02-22,4304.7598,28.8100
2022-02-23,4225.5000,31.0200
2022-02-24,4288.7002,30.3200
2022-02-25,4384.6499,27.5900
2022-02-28,4373.9399,30.1500
2022-03-01,4306.2598,33.3200
2022-03-02,4386.5400,30.7400
2022-03-03,4363.4902,30.4800
2022-03-04,4328.8701,31.9800
2022-03-07,4201.0898,36.4500
2022-03-08,4170.7002,35.1300
2022-03-09,4277.8799,32.4500
2022-03-10,4259.5200,30.2300
2022-03-11,4204.3101,30.7500
2022-03-14,4173.1099,31.7700
2022-03-15,4262.4502,29.8300
2022-03-16,4357.8599,26.6700
2022-03-17,4411.6699,25.6700
2022-03-18,4463.1201,23.8700
2022-03-21,4461.1802,23.5300
2022-03-22,4511.6099,22.9400
2022-03-23,4456.2402,23.5700
2022-03-24,4520.1602,21.6700
2022-03-25,4543.0601,20.8100
2022-03-28,4575.5200,19.6300
2022-03-29,4631.6001,18.9000
2022-03-30,4602.4502,19.3300
2022-03-31,4530.4102,20.5600
2022-04-01,4545.8599,19.6300
2022-04-04,4582.6401,18.5700
2022-04-05,4525.1201,21.0300
2022-04-06,4481.1499,22.1000
2022-04-07,4500.2100,21.5500
2022-04-08,4488.2798,21.1600
2022-04-11,4412.5298,24.3700
2022-04-12,4397.4502,24.2600
2022-04-13,4446.5898,21.8200
2022-04-14,4392.5898,22.7000
2022-04-18,4391.6899,22.1700
2022-04-19,4462.2100,21.3700
2022-04-20,4459.4502,20.3200
2022-04-21,4393.6602,22.6800
2022-04-22,4271.7798,28.2100
2022-04-25,4296.1201,27.0200
2022-04-26,4175.2002,33.5200
2022-04-27,4183.9600,31.6000
2022-04-28,4287.5000,29.9900
2022-04-29,4131.9302,33.4000
2022-05-02,4155.3799,32.3400
2022-05-03,4175.4800,29.2500
2022-05-04,4300.1699,25.4200
2022-05-05,4146.8701,31.2000
2022-05-06,4123.3398,30.1900
2022-05-09,3991.2400,34.7500
2022-05-10,4001.0500,32.9900
2022-05-11,3935.1799,32.5600
2022-05-12,3930.0801,31.7700
2022-05-13,4023.8899,28.8700
2022-05-16,4008.0100,27.4700
2022-05-17,4088.8501,26.1000
2022-05-18,3923.6799,30.9600
2022-05-19,3900.7900,29.3500
2022-05-20,3901.3601,29.4300
2022-05-23,3973.7500,28.4800
2022-05-24,3941.4800,29.4500
2022-05-25,3978.7300,28.3700
2022-05-26,4057.8401,27.5000
2022-05-27,4158.2402,25.7200
2022-05-31,4132.1499,26.1900
2022-06-01,4101.2300,25.6900
2022-06-02,4176.8198,24.7200
2022-06-03,4108.5400,24.7900
2022-06-06,4121.4302,25.0700
2022-06-07,4160.6802,24.0200
2022-06-08,4115.7700,23.9600
2022-06-09,4017.8201,26.0900
2022-06-10,3900.8601,27.7500
2022-06-13,3749.6299,34.0200
2022-06-14,3735.4800,32.6900
2022-06-15,3789.9900,29.6200
2022-06-16,3666.7700,32.9500
2022-06-17,3674.8401,31.1300
2022-06-21,3764.7900,30.1900
2022-06-22,3759.8899,28.9500
2022-06-23,3795.7300,29.0500
2022-06-24,3911.7400,27.2300
2022-06-27,3900.1101,26.9500
2022-06-28,3821.5500,28.3600
2022-06-29,3818.8301,28.1600
2022-06-30,3785.3799,28.7100
2022-07-01,3825.3301,26.7000
2022-07-05,3831.3899,27.5400
2022-07-06,3845.0801,26.7300
2022-07-07,3902.6201,26.0800
2022-07-08,3899.3799,24.6400
2022-07-11,3854.4299,26.1700
2022-07-12,3818.8000,27.2900
2022-07-13,3801.7800,26.8200
2022-07-14,3790.3799,26.4000
2022-07-15,3863.1599,24.2300
2022-07-18,3830.8501,25.3000
2022-07-19,3936.6899,24.5000
2022-07-20,3959.8999,23.8800
2022-07-21,3998.9500,23.1100
2022-07-22,3961.6299,23.0300
2022-07-25,3966.8401,23.3600
2022-07-26,3921.0500,24.6900
2022-07-27,4023.6101,23.2400
2022-07-28,4072.4299,22.3300
2022-07-29,4130.2900,21.3300
2022-08-01,4118.6299,22.8400
2022-08-02,4091.1899,23.9300
2022-08-03,4155.1699,21.9500
2022-08-04,4151.9399,21.4400
2022-08-05,4145.1899,21.1500
2022-08-08,4140.0601,21.2900
2022-08-09,4122.4702,21.7700
2022-08-10,4210.2402,19.7400
2022-08-11,4207.2700,20.2000
2022-08-12,4280.1499,19.5300
2022-08-15,4297.1401,19.9500
2022-08-16,4305.2002,19.6900
2022-08-17,4274.0400,19.9000
2022-08-18,4283.7402,19.5600
2022-08-19,4228.4800,20.6000
2022-08-22,4137.9902,23.8000
2022-08-23,4128.7300,24.1100
2022-08-24,4140.7700,22.8200
2022-08-25,4199.1201,21.7800
2022-08-26,4057.6599,25.5600
2022-08-29,4030.6101,26.2100
2022-08-30,3986.1599,26.2100
2022-08-31,3955.0000,25.8700
2022-09-01,3966.8501,25.5600
2022-09-02,3924.2600,25.4700
2022-09-06,3908.1899,26.9100
2022-09-07,3979.8701,24.6400
2022-09-08,4006.1799,23.6100
2022-09-09,4067.3601,22.7900
2022-09-12,4110.4102,23.8700
2022-09-13,3932.6899,27.2700
2022-09-14,3946.0100,26.1600
2022-09-15,3901.3501,26.2700
2022-09-16,3873.3301,26.3000
2022-09-19,3899.8899,25.7600
2022-09-20,3855.9299,27.1600
2022-09-21,3789.9299,27.9900
2022-09-22,3757.9900,27.3500
2022-09-23,3693.2300,29.9200
2022-09-26,3655.0400,32.2600
2022-09-27,3647.2900,32.6000
2022-09-28,3719.0400,30.1800
2022-09-29,3640.4700,31.8400
2022-09-30,3585.6201,31.6200
2022-10-03,3678.4299,30.1000
2022-10-04,3790.9299,29.0700
2022-10-05,3783.2800,28.5500
2022-10-06,3744.5200,30.5200
2022-10-07,3639.6599,31.3600
2022-10-10,3612.3899,32.4500
2022-10-11,3588.8401,33.6300
2022-10-12,3577.0300,33.5700
2022-10-13,3669.9099,31.9400
2022-10-14,3583.0701,32.0200
2022-10-17,3677.9500,31.3700
2022-10-18,3719.9800,30.5000
2022-10-19,3695.1599,30.7600
2022-10-20,3665.7800,29.9800
2022-10-21,3752.7500,29.6900
2022-10-24,3797.3401,29.8500
2022-10-25,3859.1101,28.4600
2022-10-26,3830.6001,27.2800
2022-10-27,3807.3000,27.3900
2022-10-28,3901.0601,25.7500
2022-10-31,3871.9800,25.8800
2022-11-01,3856.1001,25.8100
2022-11-02,3759.6899,25.8600
2022-11-03,3719.8899,25.3000
2022-11-04,3770.5500,24.5500
2022-11-07,3806.8000,24.3500
2022-11-08,3828.1101,25.5400
2022-11-09,3748.5701,26.0900
2022-11-10,3956.3701,23.5300
2022-11-11,3992.9299,22.5200
2022-11-14,3957.2500,23.7300
2022-11-15,3991.7300,24.5400
2022-11-16,3958.7900,24.1100
2022-11-17,3946.5601,23.9300
2022-11-18,3965.3401,23.1200
2022-11-21,3949.9399,22.3600
2022-11-22,4003.5801,21.2900
2022-11-23,4027.2600,20.3500
2022-11-25,4026.1201,20.5000
2022-11-28,3963.9399,22.2100
2022-11-29,3957.6299,21.8900
2022-11-30,4080.1101,20.5800
2022-12-01,4076.5701,19.8400
2022-12-02,4071.7000,19.0600
2022-12-05,3998.8401,20.7500
2022-12-06,3941.2600,22.1700
2022-12-07,3933.9199,22.6800
2022-12-08,3963.5100,22.2900
2022-12-09,3934.3799,22.8300
2022-12-12,3990.5601,25.0000
2022-12-13,4019.6499,22.5500
2022-12-14,3995.3201,21.1400
2022-12-15,3895.7500,22.8300
2022-12-16,3852.3601,22.6200
2022-12-19,3817.6599,22.4200
2022-12-20,3821.6201,21.4800
2022-12-21,3878.4399,20.0700
2022-12-22,3822.3899,21.9700
2022-12-23,3844.8201,20.8700
2022-12-27,3829.2500,21.6500
2022-12-28,3783.2200,22.1400
2022-12-29,3849.2800,21.4400
2022-12-30,3839.5000,21.6700
2023-01-03,3824.1399,22.9000
2023-01-04,3852.9700,22.0100
2023-01-05,3808.1001,22.4600
2023-01-06,3895.0801,21.1300
2023-01-09,3892.0901,21.9700
2023-01-10,3919.2500,20.5800
2023-01-11,3969.6101,21.0900
2023-01-12,3983.1699,18.8300
2023-01-13,3999.0901,18.3500
2023-01-17,3990.9700,19.3600
2023-01-18,3928.8601,20.3400
2023-01-19,3898.8501,20.5200
2023-01-20,3972.6101,19.8500
2023-01-23,4019.8101,19.8100
2023-01-24,4016.9500,19.2000
2023-01-25,4016.2200,19.0800
2023-01-26,4060.4299,18.7300
2023-01-27,4070.5601,18.5100
2023-01-30,4017.7700,19.9400
2023-01-31,4076.6001,19.4000
2023-02-01,4119.2100,17.8700
2023-02-02,4179.7598,18.7300
2023-02-03,4136.4800,18.3300
2023-02-06,4111.0801,19.4300
2023-02-07,4164.0000,18.6600
2023-02-08,4117.8599,19.6300
2023-02-09,4081.5000,20.7100
2023-02-10,4090.4600,20.5300
2023-02-13,4137.2900,20.3400
2023-02-14,4136.1299,18.9100
2023-02-15,4147.6001,18.2300
2023-02-16,4090.4099,20.1700
2023-02-17,4079.0901,20.0200
2023-02-21,3997.3401,22.8700
2023-02-22,3991.0500,22.2900
2023-02-23,4012.3201,21.1400
2023-02-24,3970.0400,21.6700
2023-02-27,3982.2400,20.9500
2023-02-28,3970.1499,20.7000
2023-03-01,3951.3899,20.5800
2023-03-02,3981.3501,19.5900
2023-03-03,4045.6399,18.4900
2023-03-06,4048.4199,18.6100
2023-03-07,3986.3701,19.5900
2023-03-08,3992.0100,19.1100
2023-03-09,3918.3201,22.6100
2023-03-10,3861.5901,24.8000
2023-03-13,3855.7600,26.5200
2023-03-14,3919.2900,23.7300
2023-03-15,3891.9299,26.1400
2023-03-16,3960.2800,22.9900
2023-03-17,3916.6399,25.5100
2023-03-20,3951.5701,24.1500
2023-03-21,4002.8701,21.3800
2023-03-22,3936.9700,22.2600
2023-03-23,3948.7200,22.6100
2023-03-24,3970.9900,21.7400
2023-03-27,3977.5300,20.6000
2023-03-28,3971.2700,19.9700
2023-03-29,4027.8101,19.1200
2023-03-30,4050.8301,19.0200
2023-03-31,4109.3101,18.7000
2023-04-03,4124.5098,18.5500
2023-04-04,4100.6001,19.0000
2023-04-05,4090.3799,19.0800
2023-04-06,4105.0200,18.4000
2023-04-10,4109.1099,18.9700
2023-04-11,4108.9399,19.1000
2023-04-12,4091.9500,19.0900
2023-04-13,4146.2202,17.8000
2023-04-14,4137.6401,17.0700
2023-04-17,4151.3198,16.9500
2023-04-18,4154.8701,16.8300
2023-04-19,4154.5200,16.4600
2023-04-20,4129.7900,17.1700
2023-04-21,4133.5200,16.7700
2023-04-24,4137.0400,16.8900
2023-04-25,4071.6299,18.7600
2023-04-26,4055.9900,18.8400
2023-04-27,4135.3501,17.0300
2023-04-28,4169.4800,15.7800
2023-05-01,4167.8701,16.0800
2023-05-02,4119.5801,17.7800
2023-05-03,4090.7500,18.3400
2023-05-04,4061.2200,20.0900
2023-05-05,4136.2500,17.1900
2023-05-08,4138.1201,16.9800
2023-05-09,4119.1699,17.7100
2023-05-10,4137.6401,16.9400
2023-05-11,4130.6201,16.9300
2023-05-12,4124.0801,17.0300
2023-05-15,4136.2798,17.1200
2023-05-16,4109.8999,17.9900
2023-05-17,4158.7700,16.8700
2023-05-18,4198.0498,16.0500
2023-05-19,4191.9800,16.8100
2023-05-22,4192.6299,17.2100
2023-05-23,4145.5801,18.5300
2023-05-24,4115.2402,20.0300
2023-05-25,4151.2798,19.1400
2023-05-26,4205.4502,17.9500
2023-05-30,4205.5200,17.4600
2023-05-31,4179.8301,17.9400
2023-06-01,4221.0200,15.6500
2023-06-02,4282.3701,14.6000
2023-06-05,4273.7900,14.7300
2023-06-06,4283.8501,13.9600
2023-06-07,4267.5200,13.9400
2023-06-08,4293.9302,13.6500
2023-06-09,4298.8599,13.8300
2023-06-12,4338.9302,15.0100
2023-06-13,4369.0098,14.6100
2023-06-14,4372.5898,13.8800
2023-06-15,4425.8398,14.5000
2023-06-16,4409.5898,13.5400
2023-06-20,4388.7100,13.8800
2023-06-21,4365.6899,13.2000
2023-06-22,4381.8901,12.9100
2023-06-23,4348.3301,13.4400
2023-06-26,4328.8198,14.2500
2023-06-27,4378.4102,13.7400
2023-06-28,4376.8599,13.4300
2023-06-29,4396.4399,13.5400
2023-06-30,4450.3799,13.5900
2023-07-03,4455.5898,13.5700
2023-07-05,4446.8198,14.1800
2023-07-06,4411.5898,15.4400
2023-07-07,4398.9502,14.8300
2023-07-10,4409.5298,15.0700
2023-07-11,4439.2598,14.8400
2023-07-12,4472.1602,13.5400
2023-07-13,4510.0400,13.6100
2023-07-14,4505.4199,13.3400
2023-07-17,4522.7900,13.4800
2023-07-18,4554.9800,13.3000
2023-07-19,4565.7202,13.7600
2023-07-20,4534.8701,13.9900
2023-07-21,4536.3398,13.6000
2023-07-24,4554.6401,13.9100
2023-07-25,4567.4600,13.8600
2023-07-26,4566.7500,13.1900
2023-07-27,4537.4102,14.4100
2023-07-28,4582.2300,13.3300
2023-07-31,4588.9600,13.6300
2023-08-01,4576.7300,13.9300
2023-08-02,4513.3901,16.0900
2023-08-03,4501.8901,15.9200
2023-08-04,4478.0298,17.1000
2023-08-07,4518.4399,15.7700
2023-08-08,4499.3799,15.9900
2023-08-09,4467.7100,15.9600
2023-08-10,4468.8301,15.8500
2023-08-11,4464.0498,14.8400
2023-08-14,4489.7202,14.8200
2023-08-15,4437.8599,16.4600
2023-08-16,4404.3301,16.7800
2023-08-17,4370.3599,17.8900
2023-08-18,4369.7100,17.3000
2023-08-21,4399.7700,17.1300
2023-08-22,4387.5498,16.9700
2023-08-23,4436.0098,15.9800
2023-08-24,4376.3101,17.2000
2023-08-25,4405.7100,15.6800
2023-08-28,4433.3101,15.0800
2023-08-29,4497.6299,14.4500
2023-08-30,4514.8701,13.8800
2023-08-31,4507.6602,13.5700
2023-09-01,4515.7700,13.0900
2023-09-05,4496.8301,14.0100
2023-09-06,4465.4800,14.4500
2023-09-07,4451.1401,14.4000
2023-09-08,4457.4902,13.8400
2023-09-11,4487.4600,13.8000
2023-09-12,4461.8999,14.2300
2023-09-13,4467.4399,13.4800
2023-09-14,4505.1001,12.8200
2023-09-15,4450.3198,13.7900
2023-09-18,4453.5298,14.0000
2023-09-19,4443.9502,14.1100
2023-09-20,4402.2002,15.1400
2023-09-21,4330.0000,17.5400
2023-09-22,4320.0601,17.2000
2023-09-25,4337.4399,16.9000
2023-09-26,4273.5298,18.9400
2023-09-27,4274.5098,18.2200
2023-09-28,4299.7002,17.3400
2023-09-29,4288.0498,17.5200
2023-10-02,4288.3901,17.6100
2023-10-03,4229.4502,19.7800
2023-10-04,4263.7500,18.5800
2023-10-05,4258.1899,18.4900
2023-10-06,4308.5000,17.4500
2023-10-09,4335.6602,17.7000
2023-10-10,4358.2402,17.0300
2023-10-11,4376.9502,16.0900
2023-10-12,4349.6099,16.6900
2023-10-13,4327.7798,19.3200
2023-10-16,4373.6299,17.2100
2023-10-17,4373.2002,17.8800
2023-10-18,4314.6001,19.2200
2023-10-19,4278.0000,21.4000
2023-10-20,4224.1602,21.7100
2023-10-23,4217.0400,20.3700
2023-10-24,4247.6802,18.9700
2023-10-25,4186.7700,20.1900
2023-10-26,4137.2300,20.6800
2023-10-27,4117.3701,21.2700
2023-10-30,4166.8198,19.7500
2023-10-31,4193.7998,18.1400
2023-11-01,4237.8599,16.8700
2023-11-02,4317.7798,15.6600
2023-11-03,4358.3398,14.9100
2023-11-06,4365.9800,14.8900
2023-11-07,4378.3799,14.8100
2023-11-08,4382.7798,14.4500
2023-11-09,4347.3501,15.2900
2023-11-10,4415.2402,14.1700
2023-11-13,4411.5498,14.7600
2023-11-14,4495.7002,14.1600
2023-11-15,4502.8799,14.1800
2023-11-16,4508.2402,14.3200
2023-11-17,4514.0200,13.8000
2023-11-20,4547.3799,13.4100
2023-11-21,4538.1899,13.3500
2023-11-22,4556.6201,12.8500
2023-11-24,4559.3398,12.4600
2023-11-27,4550.4302,12.6900
2023-11-28,4554.8901,12.6900
2023-11-29,4550.5801,12.9800
2023-11-30,4567.7998,12.9200
2023-12-01,4594.6299,12.6300
2023-12-04,4569.7798,13.0800
2023-12-05,4567.1802,12.8500
2023-12-06,4549.3398,12.9700
2023-12-07,4585.5898,13.0600
2023-12-08,4604.3701,12.3500
2023-12-11,4622.4399,12.6300
2023-12-12,4643.7002,12.0700
2023-12-13,4707.0898,12.1900
2023-12-14,4719.5498,12.4800
2023-12-15,4719.1899,12.2800
2023-12-18,4740.5601,12.5600
2023-12-19,4768.3701,12.5300
2023-12-20,4698.3501,13.6700
2023-12-21,4746.7500,13.6500
2023-12-22,4754.6299,13.0300
2023-12-26,4774.7500,12.9900
2023-12-27,4781.5801,12.4300
2023-12-28,4783.3501,12.4700
2023-12-29,4769.8301,12.4500
2024-01-02,4742.8301,13.2000
2024-01-03,4704.8101,14.0400
2024-01-04,4688.6802,14.1300
2024-01-05,4697.2402,13.3500
2024-01-08,4763.5400,13.0800
2024-01-09,4756.5000,12.7600
2024-01-10,4783.4502,12.6900
2024-01-11,4780.2402,12.4400
2024-01-12,4783.8301,12.7000
2024-01-16,4765.9800,13.8400
2024-01-17,4739.2100,14.7900
2024-01-18,4780.9399,14.1300
2024-01-19,4839.8101,13.3000
2024-01-22,4850.4302,13.1900
2024-01-23,4864.6001,12.5500
2024-01-24,4868.5498,13.1400
2024-01-25,4894.1602,13.4500
2024-01-26,4890.9702,13.2600
2024-01-29,4927.9302,13.6000
2024-01-30,4924.9702,13.3100
2024-01-31,4845.6499,14.3500
2024-02-01,4906.1899,13.8800
2024-02-02,4958.6099,13.8500
2024-02-05,4942.8101,13.6700
2024-02-06,4954.2300,13.0600
2024-02-07,4995.0601,12.8300
2024-02-08,4997.9102,12.7900
2024-02-09,5026.6099,12.9300
2024-02-12,5021.8398,13.9300
2024-02-13,4953.1699,15.8500
2024-02-14,5000.6201,14.3800
2024-02-15,5029.7300,14.0100
2024-02-16,5005.5698,14.2400
2024-02-20,4975.5098,15.4200
2024-02-21,4981.7998,15.3400
2024-02-22,5087.0298,14.5400
2024-02-23,5088.7998,13.7500
2024-02-26,5069.5298,13.7400
2024-02-27,5078.1802,13.4300
2024-02-28,5069.7598,13.8400
2024-02-29,5096.2700,13.4000
2024-03-01,5137.0801,13.1100
2024-03-04,5130.9502,13.4900
2024-03-05,5078.6499,14.4600
2024-03-06,5104.7598,14.5000
2024-03-07,5157.3599,14.4400
2024-03-08,5123.6899,14.7400
2024-03-11,5117.9399,15.2200
2024-03-12,5175.2700,13.8400
2024-03-13,5165.3101,13.7500
2024-03-14,5150.4800,14.4000
2024-03-15,5117.0898,14.4100
2024-03-18,5149.4199,14.3300
2024-03-19,5178.5098,13.8200
2024-03-20,5224.6201,13.0400
2024-03-21,5241.5298,12.9200
2024-03-22,5234.1802,13.0600
2024-03-25,5218.1899,13.1900
2024-03-26,5203.5801,13.2400
2024-03-27,5248.4902,12.7800
2024-03-28,5254.3501,13.0100
2024-04-01,5243.7700,13.6500
2024-04-02,5205.8101,14.6100
2024-04-03,5211.4902,14.3300
2024-04-04,5147.2100,16.3500
2024-04-05,5204.3398,16.0300
2024-04-08,5202.3901,15.1900
2024-04-09,5209.9102,14.9800
2024-04-10,5160.6401,15.8000
2024-04-11,5199.0601,14.9100
2024-04-12,5123.4102,17.3100
2024-04-15,5061.8198,19.2300
2024-04-16,5051.4102,18.4000
2024-04-17,5022.2100,18.2100
2024-04-18,5011.1201,18.0000
2024-04-19,4967.2300,18.7100
2024-04-22,5010.6001,16.9400
2024-04-23,5070.5498,15.6900
2024-04-24,5071.6299,15.9700
2024-04-25,5048.4199,15.3700
2024-04-26,5099.9600,15.0300
2024-04-29,5116.1699,14.6700
2024-04-30,5035.6899,15.6500
2024-05-01,5018.3901,15.3900
2024-05-02,5064.2002,14.6800
2024-05-03,5127.7900,13.4900
2024-05-06,5180.7402,13.4900
2024-05-07,5187.7002,13.2300
2024-05-08,5187.6699,13.0000
2024-05-09,5214.0801,12.6900
2024-05-10,5222.6802,12.5500
2024-05-13,5221.4199,13.6000
2024-05-14,5246.6802,13.4200
2024-05-15,5308.1499,12.4500
2024-05-16,5297.1001,12.4200
2024-05-17,5303.2700,11.9900
2024-05-20,5308.1299,12.1500
2024-05-21,5321.4102,11.8600
2024-05-22,5307.0098,12.2900
2024-05-23,5267.8398,12.7700
2024-05-24,5304.7202,11.9300
2024-05-28,5306.0400,12.9200
2024-05-29,5266.9502,14.2800
2024-05-30,5235.4800,14.4700
2024-05-31,5277.5098,12.9200
2024-06-03,5283.3999,13.1100
2024-06-04,5291.3398,13.1600
2024-06-05,5354.0298,12.6300
2024-06-06,5352.9600,12.5800
2024-06-07,5346.9902,12.2200
2024-06-10,5360.7900,12.7400
2024-06-11,5375.3198,12.8500
2024-06-12,5421.0298,12.0400
2024-06-13,5433.7402,11.9400
2024-06-14,5431.6001,12.6600
2024-06-17,5473.2300,12.7500
2024-06-18,5487.0298,12.3000
2024-06-20,5473.1699,13.2800
2024-06-21,5464.6201,13.2000
2024-06-24,5447.8701,13.3300
2024-06-25,5469.2998,12.8400
2024-06-26,5477.8999,12.5500
2024-06-27,5482.8701,12.2400
2024-06-28,5460.4800,12.4400
2024-07-01,5475.0898,12.2200
2024-07-02,5509.0098,12.0300
2024-07-03,5537.0200,12.0900
2024-07-05,5567.1899,12.4800
2024-07-08,5572.8501,12.3700
2024-07-09,5576.9800,12.5100
2024-07-10,5633.9102,12.8500
2024-07-11,5584.5400,12.9200
2024-07-12,5615.3501,12.4600
2024-07-15,5631.2202,13.1200
2024-07-16,5667.2002,13.1900
2024-07-17,5588.2700,14.4800
2024-07-18,5544.5898,15.9300
2024-07-19,5505.0000,16.5200
2024-07-22,5564.4102,14.9100
2024-07-23,5555.7402,14.7200
2024-07-24,5427.1299,18.0400
2024-07-25,5399.2202,18.4600
2024-07-26,5459.1001,16.3900
2024-07-29,5463.5400,16.6000
2024-07-30,5436.4399,17.6900
2024-07-31,5522.2998,16.3600
2024-08-01,5446.6802,18.5900
2024-08-02,5346.5601,23.3900
2024-08-05,5186.3301,38.5700
2024-08-06,5240.0298,27.7100
2024-08-07,5199.5000,27.8500
2024-08-08,5319.3101,23.7900
2024-08-09,5344.1602,20.3700
2024-08-12,5344.3901,20.7100
2024-08-13,5434.4302,18.1200
2024-08-14,5455.2100,16.1900
2024-08-15,5543.2202,15.2300
2024-08-16,5554.2500,14.8000
2024-08-19,5608.2500,14.6500
2024-08-20,5597.1201,15.8800
2024-08-21,5620.8501,16.2700
2024-08-22,5570.6401,17.5500
2024-08-23,5634.6099,15.8600
2024-08-26,5616.8398,16.1500
2024-08-27,5625.7998,15.4300
2024-08-28,5592.1802,17.1100
2024-08-29,5591.9600,15.6500
2024-08-30,5648.3999,15.0000
2024-09-03,5528.9302,20.7200
2024-09-04,5520.0698,21.3200
2024-09-05,5503.4102,19.9000
2024-09-06,5408.4199,22.3800
2024-09-09,5471.0498,19.4500
2024-09-10,5495.5200,19.0800
2024-09-11,5554.1299,17.6900
2024-09-12,5595.7598,17.0700
2024-09-13,5626.0200,16.5600
2024-09-16,5633.0898,17.1400
2024-09-17,5634.5801,17.6100
2024-09-18,5618.2598,18.2300
2024-09-19,5713.6401,16.3300
2024-09-20,5702.5498,16.1500
2024-09-23,5718.5698,15.8900
2024-09-24,5732.9302,15.3900
2024-09-25,5722.2598,15.4100
2024-09-26,5745.3701,15.3700
2024-09-27,5738.1699,16.9600
2024-09-30,5762.4800,16.7300
2024-10-01,5708.7500,19.2600
2024-10-02,5709.5400,18.9000
2024-10-03,5699.9399,20.4900
2024-10-04,5751.0698,19.2100
2024-10-07,5695.9399,22.6400
2024-10-08,5751.1299,21.4200
2024-10-09,5792.0400,20.8600
2024-10-10,5780.0498,20.9300
2024-10-11,5815.0298,20.4600
2024-10-14,5859.8501,19.7000
2024-10-15,5815.2598,20.6400
2024-10-16,5842.4702,19.5800
2024-10-17,5841.4702,19.1100
2024-10-18,5864.6699,18.0300
2024-10-21,5853.9800,18.3700
2024-10-22,5851.2002,18.2000
2024-10-23,5797.4199,19.2400
2024-10-24,5809.8599,19.0800
2024-10-25,5808.1201,20.3300
2024-10-28,5823.5200,19.8000
2024-10-29,5832.9199,19.3400
2024-10-30,5813.6699,20.3500
2024-10-31,5705.4502,23.1600
2024-11-01,5728.7998,21.8800
2024-11-04,5712.6899,21.9800
2024-11-05,5782.7598,20.4900
2024-11-06,5929.0400,16.2700
2024-11-07,5973.1001,15.2000
2024-11-08,5995.5400,14.9400
2024-11-11,6001.3501,14.9700
2024-11-12,5983.9902,14.7100
2024-11-13,5985.3799,14.0200
2024-11-14,5949.1699,14.3100
2024-11-15,5870.6201,16.1400
2024-11-18,5893.6201,15.5800
2024-11-19,5916.9800,16.3500
2024-11-20,5917.1099,17.1600
2024-11-21,5948.7100,16.8700
2024-11-22,5969.3398,15.2400
2024-11-25,5987.3701,14.6000
2024-11-26,6021.6299,14.1000
2024-11-27,5998.7402,14.1000
2024-11-29,6032.3799,13.5100
2024-12-02,6047.1499,13.3400
2024-12-03,6049.8799,13.3000
2024-12-04,6086.4902,13.4500
2024-12-05,6075.1099,13.5400
2024-12-06,6090.2700,12.7700
2024-12-09,6052.8501,14.1900
2024-12-10,6034.9102,14.1800
2024-12-11,6084.1899,13.5800
2024-12-12,6051.2500,13.9200
2024-12-13,6051.0898,13.8100
2024-12-16,6074.0801,14.6900
2024-12-17,6050.6099,15.8700
2024-12-18,5872.1602,27.6200
2024-12-19,5867.0801,24.0900
2024-12-20,5930.8501,18.3600
2024-12-23,5974.0698,16.7800
2024-12-24,6040.0400,14.2700
2024-12-26,6037.5898,14.7300
2024-12-27,5970.8398,15.9500
2024-12-30,5906.9399,17.4000
2024-12-31,5881.6299,17.3500
2025-01-02,5868.5498,17.9300
2025-01-03,5942.4702,16.1300
2025-01-06,5975.3799,16.0400
2025-01-07,5909.0298,17.8200
2025-01-08,5918.2500,17.7000
2025-01-10,5827.0400,19.5400
2025-01-13,5836.2202,19.1900
2025-01-14,5842.9102,18.7100
2025-01-15,5949.9102,16.1200
2025-01-16,5937.3398,16.6000
2025-01-17,5996.6602,15.9700
2025-01-21,6049.2402,15.0600
2025-01-22,6086.3701,15.1000
2025-01-23,6118.7100,15.0200
2025-01-24,6101.2402,14.8500
2025-01-27,6012.2798,17.9000
2025-01-28,6067.7002,16.4100
2025-01-29,6039.3101,16.5600
2025-01-30,6071.1699,15.8400
2025-01-31,6040.5298,16.4300
2025-02-03,5994.5698,18.6200
2025-02-04,6037.8799,17.2100
2025-02-05,6061.4800,15.7700
2025-02-06,6083.5698,15.5000
2025-02-07,6025.9902,16.5400
2025-02-10,6066.4399,15.8100
2025-02-11,6068.5000,16.0200
2025-02-12,6051.9702,15.8900
2025-02-13,6115.0698,15.1000
2025-02-14,6114.6299,14.7700
2025-02-18,6129.5801,15.3500
2025-02-19,6144.1499,15.2700
2025-02-20,6117.5200,15.6600
2025-02-21,6013.1299,18.2100
2025-02-24,5983.2500,18.9800
2025-02-25,5955.2500,19.4300
2025-02-26,5956.0601,19.1000
2025-02-27,5861.5698,21.1300
2025-02-28,5954.5000,19.6300
2025-03-03,5849.7202,22.7800
2025-03-04,5778.1499,23.5100
2025-03-05,5842.6299,21.9300
2025-03-06,5738.5200,24.8700
2025-03-07,5770.2002,23.3700
2025-03-10,5614.5601,27.8600
2025-03-11,5572.0698,26.9200
2025-03-12,5599.2998,24.2300
2025-03-13,5521.5200,24.6600
2025-03-14,5638.9399,21.7700
2025-03-17,5675.1201,20.5100
2025-03-18,5614.6602,21.7000
2025-03-19,5675.2900,19.9000
2025-03-20,5662.8901,19.8000
2025-03-21,5667.5601,19.2800
2025-03-24,5767.5698,17.4800
2025-03-25,5776.6499,17.1500
2025-03-26,5712.2002,18.3300
2025-03-27,5693.3101,18.6900
2025-03-28,5580.9399,21.6500
2025-03-31,5611.8501,22.2800
2025-04-01,5633.0698,21.7700
2025-04-02,5670.9702,21.5100
2025-04-03,5396.5200,30.0200
2025-04-04,5074.0801,45.3100
2025-04-07,5062.2500,46.9800
2025-04-08,4982.7700,52.3300
2025-04-09,5456.8999,33.6200
2025-04-10,5268.0498,40.7200
2025-04-11,5363.3599,37.5600
2025-04-14,5405.9702,30.8900
2025-04-15,5396.6299,30.1200
2025-04-16,5275.7002,32.6400
2025-04-17,5282.7002,29.6500
2025-04-21,5158.2002,33.8200
2025-04-22,5287.7598,30.5700
2025-04-23,5375.8599,28.4500
2025-04-24,5484.7700,26.4700
2025-04-25,5525.2100,24.8400
2025-04-28,5528.7500,25.1500
2025-04-29,5560.8301,24.1700
2025-04-30,5569.0601,24.7000
2025-05-01,5604.1401,24.6000
2025-05-02,5686.6699,22.6800
2025-05-05,5650.3799,23.6400
2025-05-06,5606.9102,24.7600
2025-05-07,5631.2798,23.5500
2025-05-08,5663.9399,22.4800
2025-05-09,5659.9102,21.9000
2025-05-12,5844.1899,18.3900
2025-05-13,5886.5498,18.2200
2025-05-14,5892.5801,18.6200
2025-05-15,5916.9302,17.8300
2025-05-16,5958.3799,17.2400
2025-05-19,5963.6001,18.1400
2025-05-20,5940.4600,18.0900
2025-05-21,5844.6099,20.8700
2025-05-22,5842.0098,20.2800
2025-05-23,5802.8198,22.2900
2025-05-27,5921.5400,18.9600
2025-05-28,5888.5498,19.3100
2025-05-29,5912.1699,19.1800
2025-05-30,5911.6899,18.5700
2025-06-02,5935.9399,18.3600
2025-06-03,5970.3701,17.6900
2025-06-04,5970.8101,17.6100
2025-06-05,5939.2998,18.4800
2025-06-06,6000.3599,16.7700
2025-06-09,6005.8799,17.1600
2025-06-10,6038.8101,16.9500
2025-06-11,6022.2402,17.2600
2025-06-12,6045.2598,18.0200
2025-06-13,5976.9702,20.8200
2025-06-16,6033.1099,19.1100
2025-06-17,5982.7202,21.6000
2025-06-18,5980.8701,20.1400
2025-06-20,5967.8398,20.6200
2025-06-23,6025.1699,19.8300
2025-06-24,6092.1802,17.4800
2025-06-25,6092.1602,16.7600
2025-06-26,6141.0200,16.5900
2025-06-27,6173.0698,16.3200
2025-06-30,6204.9502,16.7300
2025-07-01,6198.0098,16.8300
2025-07-02,6227.4199,16.6400
2025-07-03,6279.3501,16.3800
2025-07-07,6229.9800,17.7900
2025-07-08,6225.5200,16.8100
2025-07-09,6263.2598,15.9400
2025-07-10,6280.4600,15.7800
2025-07-11,6259.7500,16.4000
2025-07-14,6268.5601,17.2000
2025-07-15,6243.7598,17.3800
2025-07-16,6263.7002,17.1600
2025-07-17,6297.3599,16.5200
2025-07-18,6296.7900,16.4100
2025-07-21,6305.6001,16.6500
2025-07-22,6309.6201,16.5000
2025-07-23,6358.9102,15.3700
2025-07-24,6363.3501,15.3900
2025-07-25,6388.6401,14.9300
2025-07-28,6389.7700,15.0300
2025-07-29,6370.8599,15.9800
2025-07-30,6362.8999,15.4800
2025-07-31,6339.3901,16.7200
2025-08-01,6238.0098,20.3800
2025-08-04,6329.9399,17.5200
2025-08-05,6299.1899,17.8500
2025-08-06,6345.0601,16.7700
2025-08-07,6340.0000,16.5700
2025-08-08,6389.4502,15.1500
2025-08-11,6373.4502,16.2500
2025-08-12,6445.7598,14.7300
2025-08-13,6466.5801,14.4900
2025-08-14,6468.5400,14.8300
2025-08-15,6449.7998,15.0900
2025-08-18,6449.1499,14.9900
2025-08-19,6411.3701,15.5700
2025-08-20,6395.7798,15.6900
2025-08-21,6370.1699,16.6000
2025-08-22,6466.9102,14.2200
2025-08-25,6439.3198,14.7900
2025-08-26,6465.9399,14.6200
2025-08-27,6481.3999,14.8500
2025-08-28,6501.8599,14.4300
2025-08-29,6460.2598,15.3600
2025-09-02,6415.5400,17.1700
2025-09-03,6448.2598,16.3500
2025-09-04,6502.0801,15.3000
2025-09-05,6481.5000,15.1800
2025-09-08,6495.1499,15.1100
2025-09-09,6512.6099,15.0400
2025-09-10,6532.0400,15.3500
2025-09-11,6587.4702,14.7100
2025-09-12,6584.2900,14.7600
2025-09-15,6615.2798,15.6900
2025-09-16,6606.7598,16.3600
2025-09-17,6600.3501,15.7200
2025-09-18,6631.9600,15.7000
2025-09-19,6664.3599,15.4500
2025-09-22,6693.7500,16.1000
2025-09-23,6656.9199,16.6400
2025-09-24,6637.9702,16.1800
2025-09-25,6604.7202,16.7400
2025-09-26,6643.7002,15.2900
2025-09-29,6661.2100,16.1200
2025-09-30,6688.4600,16.2800
2025-10-01,6711.2002,16.2900
2025-10-02,6715.3501,16.6300
2025-10-03,6715.7900,16.6500
2025-10-06,6740.2798,16.3700
2025-10-07,6714.5898,17.2400
2025-10-08,6753.7202,16.3000
2025-10-09,6735.1099,16.4300
2025-10-10,6552.5098,21.6600
2025-10-13,6654.7202,19.0300
2025-10-14,6644.3101,20.8100
2025-10-15,6671.0601,20.6400
2025-10-16,6629.0698,25.3100
2025-10-17,6664.0098,20.7800
2025-10-20,6735.1299,18.2300
2025-10-21,6735.3501,17.8700
2025-10-22,6699.3999,18.6000
2025-10-23,6738.4399,17.3000
2025-10-24,6791.6899,16.3700
2025-10-27,6875.1602,15.7900
2025-10-28,6890.8901,16.4200
2025-10-29,6890.5898,16.9200
2025-10-30,6822.3398,16.9100
2025-10-31,6840.2002,17.4400
2025-11-03,6851.9702,17.1700
2025-11-04,6771.5498,19.0000
2025-11-05,6796.2900,18.0100
2025-11-06,6720.3198,19.5000
2025-11-07,6728.7998,19.0800
2025-11-10,6832.4302,17.6000
2025-11-11,6846.6099,17.2800
2025-11-12,6850.9199,17.5100
2025-11-13,6737.4902,20.0000
2025-11-14,6734.1099,19.8300
2025-11-17,6672.4102,22.3800
2025-11-18,6617.3198,24.6900
2025-11-19,6642.1602,23.6600
2025-11-20,6538.7598,26.4200
2025-11-21,6602.9902,23.4300
2025-11-24,6705.1201,20.5200
2025-11-25,6765.8799,18.5600
2025-11-26,6812.6099,17.1900
2025-11-28,6849.0898,16.3500
2025-12-01,6812.6299,17.2400
2025-12-02,6829.3701,16.5900
2025-12-03,6849.7202,16.0800
2025-12-04,6857.1201,15.7800
2025-12-05,6870.3999,15.4100
2025-12-08,6846.5098,16.6600
2025-12-09,6840.5098,16.9300
2025-12-10,6886.6802,15.7700
2025-12-11,6901.0000,14.8500
2025-12-12,6827.4102,15.7400
2025-12-15,6816.5098,16.5000
2025-12-16,6800.2598,16.4800
2025-12-17,6721.4302,17.6200
2025-12-18,6774.7598,16.8700
2025-12-19,6834.5000,14.9100
2025-12-22,6878.4902,14.0800
2025-12-23,6909.7900,14.0000
2025-12-24,6932.0498,13.4700
2025-12-26,6929.9399,13.6000
2025-12-29,6905.7402,14.2000
2025-12-30,6896.2402,14.3300
2025-12-31,6845.5000,14.9500
2026-01-02,6858.4702,14.5100
2026-01-05,6902.0498,14.9000
2026-01-06,6944.8198,14.7500
2026-01-07,6920.9302,15.3800
2026-01-08,6921.4600,15.4500
2026-01-09,6966.2798,14.4900
2026-01-12,6977.2700,15.1200
2026-01-13,6963.7402,15.9800
2026-01-14,6926.6001,16.7500
2026-01-15,6944.4702,15.8400
2026-01-16,6940.0098,15.8600
2026-01-20,6796.8599,20.0900
2026-01-21,6875.6201,16.9000
2026-01-22,6913.3501,15.6400
2026-01-23,6915.6099,16.0900
2026-01-26,6950.2300,16.1500
2026-01-27,6978.6001,16.3500
2026-01-28,6978.0298,16.3500
2026-01-29,6969.0098,16.8800
2026-01-30,6939.0298,17.4400
2026-02-02,6976.4399,16.3400
2026-02-03,6917.8101,18.0000
2026-02-04,6882.7202,18.6400
2026-02-05,6798.3999,21.7700
2026-02-06,6932.2998,20.3700
2026-02-09,6964.8198,17.3600
2026-02-10,6941.8101,17.7900
2026-02-11,6941.4702,17.6500
2026-02-12,6832.7598,20.8200
2026-02-13,6836.1699,20.6000
2026-02-17,6843.2202,20.2900
2026-02-18,6881.3101,19.6200
2026-02-19,6861.8901,20.2300
2026-02-20,6909.5098,19.0900
2026-02-23,6837.7500,21.0100
2026-02-24,6890.0698,19.5500
2026-02-25,6946.1299,17.9300
2026-02-26,6908.8599,18.6300
2026-02-27,6878.8799,19.8600
2026-03-02,6881.6201,21.4400
2026-03-03,6816.6299,23.5700
2026-03-04,6869.5000,21.1500
2026-03-05,6830.7100,23.7500
2026-03-06,6740.0200,29.4900
2026-03-09,6795.9902,25.5000
2026-03-10,6781.4800,24.9300
2026-03-11,6775.7998,24.2300
2026-03-12,6672.6201,27.2900
2026-03-13,6632.1899,27.1900
2026-03-16,6699.3799,23.5100
2026-03-17,6716.0898,22.3700
2026-03-18,6624.7002,25.0900
2026-03-19,6606.4902,24.0600
2026-03-20,6506.4800,26.7800
2026-03-23,6581.0000,26.1500
2026-03-24,6556.3701,26.9500
2026-03-25,6591.8999,25.3300
2026-03-26,6477.1602,27.4400
2026-03-27,6368.8501,31.0500
2026-03-30,6343.7202,30.6100
2026-03-31,6528.5200,25.2500
2026-04-01,6575.3198,24.5400
2026-04-02,6582.6899,23.8700
2026-04-06,6611.8301,24.1700
2026-04-07,6616.8501,25.7800
2026-04-08,6782.8101,21.0400
2026-04-09,6824.6602,19.4900
2026-04-10,6816.8901,19.2300
2026-04-13,6886.2402,19.1200
2026-04-14,6967.3799,18.3600
2026-04-15,7022.9502,18.1700
2026-04-16,7041.2798,17.9400
2026-04-17,7126.0601,17.4800
2026-04-20,7109.1401,18.8700
2026-04-21,7064.0098,19.5000
2026-04-22,7137.8999,18.9200
2026-04-23,7108.3999,19.3100
2026-04-24,7165.0801,18.7100
2026-04-27,7173.9102,18.0200
2026-04-28,7138.7998,17.8300
2026-04-29,7135.9502,18.8100
2026-04-30,7209.0098,16.8900
2026-05-01,7230.1201,16.9900
2026-05-04,7200.7500,18.2900
2026-05-05,7259.2202,17.3800
2026-05-06,7365.1201,17.3900
2026-05-07,7337.1099,17.0800
2026-05-08,7398.9302,17.1900
2026-05-11,7412.8398,18.3800
2026-05-12,7400.9600,17.9900
2026-05-13,7444.2500,17.8700
2026-05-14,7501.2402,17.2600
2026-05-15,7408.5000,18.4300
2026-05-18,7403.0498,17.8200
2026-05-19,7353.6099,18.0600
2026-05-20,7432.9702,17.4400
2026-05-21,7445.7202,16.7600
2026-05-22,7473.4702,16.7000
2026-05-26,7519.1201,17.0100
2026-05-27,7520.3599,16.2900
2026-05-28,7563.6299,15.7400
2026-05-29,7580.0601,15.3200
2026-06-01,7599.9600,16.0500
2026-06-02,7609.7798,15.7700
2026-06-03,7553.6802,16.0600
2026-06-04,7584.3101,15.4000
2026-06-05,7383.7402,21.5100
2026-06-08,7405.7300,18.9200
2026-06-09,7386.6499,19.8700
2026-06-10,7266.9902,22.2200
2026-06-11,7394.2998,19.4400
2026-06-12,7431.4600,17.6800
2026-06-15,7554.2900,16.2000
2026-06-16,7511.3501,16.4100
2026-06-17,7420.1001,18.4400
2026-06-18,7500.5801,16.4000
2026-06-22,7472.7900,17.2800
2026-06-23,7365.4600,19.4900
2026-06-24,7358.2202,18.6300
2026-06-25,7357.4902,18.8900
2026-06-26,7354.0200,18.4100
2026-06-29,7440.4302,17.6500
2026-06-30,7499.3599,16.4500
2026-07-01,7483.2300,16.5900
2026-07-02,7483.2402,16.1500
2026-07-06,7537.4302,15.5700
2026-07-07,7503.8501,16.1300
2026-07-08,7482.7100,16.9000
2026-07-09,7543.6401,15.8400
2026-07-10,7575.3901,15.0300
2026-07-13,7515.3398,17.1600
2026-07-14,7543.5898,16.5000
2026-07-15,7572.3999,15.6700
2026-07-16,7533.7700,16.7300
2026-07-17,7457.6899,18.7700
2026-07-20,7443.2798,18.6500
2026-07-21,7509.2002,17.0500
2026-07-22,7498.9600,16.6400
2026-07-23,7408.2998,18.7000
2026-07-24,7411.9800,18.5800
2026-07-27,7413.1802,18.6700
2026-07-28,7428.7798,18.2100
2026-07-29,7316.1499,20.6600
